institute_id,institute_name,original_city,original_state,review_source_url,first_party_source_url,address_evidence,district_state_evidence_type,district_state_evidence_url,district_state_evidence,postal_lookup_source_url,postal_returned_post_office,postal_returned_district,postal_returned_state,confidence_notes,proposed_lgd_district,lgd_district_id,resolution_status,unresolved_reason
4,VIT,Vellore,Tamil Nadu,https://vit.ac.in,https://vit.ac.in/vit-privacy-policy,"VIT Vellore Campus, Thiruvalum–Katpadi Road, Vellore 632014, Tamil Nadu; same source also lists Chennai Campus.",,,,,,,,,,,unresolved,"Official source confirms a Vellore campus postal address, but no administrative district is named; it also confirms multiple campuses."
10,IIT Kanpur (Cyber Security),Kanpur,Uttar Pradesh,https://www.iitk.ac.in,https://www.iitk.ac.in/public-information,"IIT Kanpur, Kalyanpur, Kanpur 208016, Uttar Pradesh (address for Registrar/CPIO; page says matters cover institute departments/centres).",,,,,,,,,,,unresolved,Official IIT Kanpur source gives the parent institute address and says its remit includes departments/centres; it does not identify this child record's campus or administrative district.
11,CDAC,Pune,Maharashtra,https://www.cdac.in,https://www.cdac.in/index.aspx?id=print_page&print=contact,"C-DAC contact page lists Pune University Campus, Ganesh Khind, Pune 411007 and C-DAC Innovation Park, Panchavati, Pashan, Pune 411008; it lists many other city centres.",,,,,,,,,,,unresolved,"Official source lists multiple C-DAC offices/centres and two Pune addresses; this generic record does not identify which campus, and no district is stated."
12,National Institute of Technology Tiruchirappalli,Tiruchirappalli,Tamil Nadu,https://www.nitt.edu,https://www.nitt.edu/home/administration/registrar/,"National Institute of Technology, Tiruchirappalli 620015, Tamil Nadu (Registrar correspondence address).",government_directory,https://www.mospi.gov.in/sites/default/files/economic-census/Directories_of_Establishment/tamilnadu_u.pdf,"Government of India MOSPI establishment directory identifies the section as District Tiruchirappalli, Tamil Nadu and lists NATIONAL INSTITUTE OF TECHNOLOGY TIRUCHIRAPPALLI, PIN 620015.",,,,,High: first-party institute/campus address and independent government/official evidence establish the same physical campus and district/state.,Tiruchirappalli,591,resolved,
14,Drishti IAS,New Delhi,Delhi,https://www.drishtiias.com,https://www.drishtiias.com/drishti-special/about-us/about-us/general-introduction,"Official introduction lists Delhi centres at 641, First Floor, Dr. Mukherjee Nagar, Delhi 110009 and 21 Pusa Road, Karol Bagh, New Delhi 110005; also lists centres in other states.",,,,,,,,,,,unresolved,"Official source confirms multiple Delhi centres, but this generic row does not select one and no administrative district is stated."
15,Vision IAS,New Delhi,Delhi,https://www.visionias.in,https://visionias.in/samarth/center.php,Official centre page lists Delhi addresses in Karol Bagh and Mukherjee Nagar and centres in multiple cities.,,,,,,,,,,,unresolved,"Official source confirms multiple Delhi centres, but this generic row does not select one and no administrative district is stated."
16,Vajiram & Ravi,New Delhi,Delhi,https://www.vajiramandravi.com,,,,,,,,,,,,,unresolved,No first-party or government campus-address source was independently verified for this row in this research pass; the review URL is only a starting point. Keep unresolved rather than infer a district.
19,Navkar Institute,Ahmedabad,Gujarat,https://www.navkarinstitute.com,,,,,,,,,,,,,unresolved,No first-party or government campus-address source was independently verified for this row in this research pass; the review URL is only a starting point. Keep unresolved rather than infer a district.
20,VG Learning Destination,New Delhi,Delhi,https://vgld.in,,,,,,,,,,,,,unresolved,No first-party or government campus-address source was independently verified for this row in this research pass; the review URL is only a starting point. Keep unresolved rather than infer a district.
21,All India Institute of Medical Sciences New Delhi,New Delhi,Delhi,https://www.aiims.edu,https://aiims.edu/index.php/en/address-location-directions,"AIIMS address page gives Ansari Nagar, New Delhi 110029; postal address for Rajendra Prasad Centre for Ophthalmic Sciences is also listed.",government_address_directory,https://ipc.gov.in/images/mvpi/List-of-725-MDMCs.pdf,"Government IPC list identifies All India Institute of Medical Sciences (AIIMS), Ansari Nagar East, Gautam Nagar, New Delhi 110029; district South West Delhi; Delhi.",,,,,High: first-party institute/campus address and independent government/official evidence establish the same physical campus and district/state.,South West,84,resolved,
23,CMC Vellore,Vellore,Tamil Nadu,https://www.cmch-vellore.edu,,,,,,,,,,,,,unresolved,No first-party or government campus-address source was independently verified for this row in this research pass; the review URL is only a starting point. Keep unresolved rather than infer a district.
24,Jawaharlal Institute of Postgraduate Medical Education and Research,Puducherry,Puducherry,https://jipmer.edu.in,https://jipmer.edu.in/academics/contact,"JIPMER Academic Section postal address: Academic Centre, Dhanvantri Nagar P.O., Puducherry 605006.",government_district_document,https://revenue.py.gov.in/downloads/dm/DDMP%20Vol-II%202024.pdf,"Puducherry District Disaster Management Plan 2024 Vol II lists JIPMER at Dhanvantri Nagar, Gorimedu, Puducherry 605006 under the Puducherry District section.",,,,,High: first-party institute/campus address and independent government/official evidence establish the same physical campus and district/state.,Puducherry,600,resolved,
25,Indira Gandhi Rashtriya Uran Akademi,Fursatganj,Uttar Pradesh,https://igrua.gov.in,,,,,,,,,,,,,unresolved,No first-party or government campus-address source was independently verified for this row in this research pass; the review URL is only a starting point. Keep unresolved rather than infer a district.
26,Bombay Flying Club,Mumbai,Maharashtra,https://www.bombayfc.com,,,,,,,,,,,,,unresolved,No first-party or government campus-address source was independently verified for this row in this research pass; the review URL is only a starting point. Keep unresolved rather than infer a district.
27,National Flying Training Institute,Gondia,Maharashtra,https://nfti.aviation.gov.in,,,,,,,,,,,,,unresolved,No first-party or government campus-address source was independently verified for this row in this research pass; the review URL is only a starting point. Keep unresolved rather than infer a district.
29,National Institute of Design Ahmedabad,Ahmedabad,Gujarat,https://www.nid.edu,,,,,,,,,,,,,unresolved,No first-party or government campus-address source was independently verified for this row in this research pass; the review URL is only a starting point. Keep unresolved rather than infer a district.
30,Pearl Academy,New Delhi,Delhi,https://www.pearlacademy.com,,,,,,,,,,,,,unresolved,No first-party or government campus-address source was independently verified for this row in this research pass; the review URL is only a starting point. Keep unresolved rather than infer a district.
31,Symbiosis Institute of Design Pune,Pune,Maharashtra,https://sid.edu.in,,,,,,,,,,,,,unresolved,No first-party or government campus-address source was independently verified for this row in this research pass; the review URL is only a starting point. Keep unresolved rather than infer a district.
38,SP Jain Mumbai,Mumbai,Maharashtra,https://www.spjimr.org,,,,,,,,,,,,,unresolved,No first-party or government campus-address source was independently verified for this row in this research pass; the review URL is only a starting point. Keep unresolved rather than infer a district.
48,XLRI,Jamshedpur,Jharkhand,https://www.xlri.ac.in,https://www.xlri.ac.in/,"XLRI, C.H. Area (East), Jamshedpur 831001, Jharkhand.",,,,,,,,,,,unresolved,Official source confirms the Jamshedpur campus postal address but does not explicitly name the administrative district.
49,National Institute of Mental Health and Neuro Sciences,Bengaluru,Karnataka,https://nimhans.ac.in,,,,,,,,,,,,,unresolved,No first-party or government campus-address source was independently verified for this row in this research pass; the review URL is only a starting point. Keep unresolved rather than infer a district.
51,University of Delhi,Delhi,Delhi,http://www.du.ac.in,https://www.du.ac.in/index.php?cid=314&fmember=3051&id=270,"University of Delhi lists North Campus, Delhi 110007 and South Campus, Benito Juarez Marg, South Moti Bagh, New Delhi 110021.",,,,,,,,,,,unresolved,Official university source confirms multiple campuses; generic row does not select a campus and no address names an administrative district.
55,Indian Statistical Institute,Kolkata,West Bengal,https://www.isical.ac.in,https://www.isical.ac.in/Events/node/about/about-institute?date=2026-02&page=1,"ISI describes Kolkata headquarters at 203 Barrackpore Trunk Road, Kolkata 700108 and separately lists Bengaluru, Delhi, Chennai, Tezpur centres and a Giridih branch.",,,,,,,,,,,unresolved,"Official source documents several locations; the generic institute record does not select a campus, and the address does not name an administrative district."
56,Chennai Mathematical Institute,Chennai,Tamil Nadu,https://www.cmi.ac.in,https://www.cmi.ac.in/admissions/2025/ds-admission-details-2025.pdf,"CMI admission document says campus is inside SIPCOT IT Park, Siruseri, on OMR, on Chennai city outskirts.",,,,,,,,,,,unresolved,Official source places campus at Siruseri rather than simply Chennai but does not state the administrative district; no city-based inference made.
57,IIT Bombay (Mathematics),Mumbai,Maharashtra,https://www.math.iitb.ac.in,https://iitb.ac.in/contact-us,"IIT Bombay mailing address: Powai, Mumbai 400076, Maharashtra.",,,,,,,,,,,unresolved,Official IIT Bombay source gives parent-institute mailing address only; it does not explicitly establish this department/centre record's campus or administrative district.
58,IIT Madras (Mathematics),Chennai,Tamil Nadu,https://math.iitm.ac.in,https://www.iitm.ac.in/contact,"Indian Institute of Technology Madras, IIT P.O., Chennai 600036.",,,,,,,,,,,unresolved,Official IIT Madras source gives parent-institute address only; it does not explicitly establish this department/programme record's campus or administrative district.
59,University of Hyderabad,Hyderabad,Telangana,http://www.uohyd.ac.in,https://uohyd.ac.in/contact-us/,"University of Hyderabad, Prof. CR Rao Road, Gachibowli, Hyderabad 500046, Telangana.",government_institute_directory,https://par.ncte.gov.in/website/RecognizedInstitutionLists.aspx?cid=GcVdarmelvwnGc8nIOj8VQ%3D%3D&regionid=4&state=TELANGANA&stateid=fB0mxxuMEU1j9u3ylEYQoQ%3D%3D,"NCTE government recognized-institution record names University of Hyderabad and gives Gachibowli Village, Prof. C.R. Rao Road, Serilingampally Mandal, Hyderabad Taluk, Rangareddy District 500046, Telangana.",,,,,High: first-party institute/campus address and independent government/official evidence establish the same physical campus and district/state.,Ranga Reddy,518,resolved,
60,Institute of Actuaries of India,Navi Mumbai,Maharashtra,https://www.actuariesindia.org,,,,,,,,,,,,,unresolved,No first-party or government campus-address source was independently verified for this row in this research pass; the review URL is only a starting point. Keep unresolved rather than infer a district.
61,IGNOU (Actuarial Science),New Delhi,Delhi,https://www.ignou.ac.in,,,,,,,,,,,,,unresolved,No first-party or government campus-address source was independently verified for this row in this research pass; the review URL is only a starting point. Keep unresolved rather than infer a district.
62,Amity University (Actuarial Science),Noida,Uttar Pradesh,https://www.amity.edu,,,,,,,,,,,,,unresolved,No first-party or government campus-address source was independently verified for this row in this research pass; the review URL is only a starting point. Keep unresolved rather than infer a district.
63,Bishop Heber College,Tiruchirappalli,Tamil Nadu,https://www.bishopheber.ac.in,,,,,,,,,,,,,unresolved,No first-party or government campus-address source was independently verified for this row in this research pass; the review URL is only a starting point. Keep unresolved rather than infer a district.
64,IIT Kanpur (Mathematics),Kanpur,Uttar Pradesh,https://www.iitk.ac.in/math,https://www.iitk.ac.in/public-information,"IIT Kanpur, Kalyanpur, Kanpur 208016, Uttar Pradesh (address for Registrar/CPIO; page says matters cover institute departments/centres).",,,,,,,,,,,unresolved,Official IIT Kanpur source gives the parent institute address and says its remit includes departments/centres; it does not identify this child record's campus or administrative district.
65,Indian Institute of Science,Bengaluru,Karnataka,https://www.iisc.ac.in,https://www.iisc.ac.in/locations/indian-institute-of-science/,"IISc location page lists Malleshwaram, Bangalore, Karnataka 560012, India.",government_institute_address,https://www.indiascienceandtechnology.gov.in/research/structure-dynamics-solvation-and-chemical-reactivity-higher-valent-metal-ions-ca-zn-mg-al-and-their?field_area_id=All,"Government ISTI/DST record associates IISc with CV Raman Road, Bengaluru Urban 560012; the institute first-party location page identifies its Bengaluru campus and the matching 560012 PIN.",,,,,High: first-party institute/campus address and independent government/official evidence establish the same physical campus and district/state.,Bengaluru Urban,525,resolved,
66,Presidency University Kolkata,Kolkata,West Bengal,https://www.presiuniv.ac.in,https://www.presiuniv.ac.in/web/contact.php,"Presidency University lists main campus at 86/1 College Street, Kolkata 700073 and second campus at New Town, Kolkata 700156.",,,,,,,,,,,unresolved,Official source confirms two campuses; generic row does not specify which and neither address names an administrative district.
67,Institute of Chartered Accountants of India,New Delhi,Delhi,https://www.icai.org,,,,,,,,,,,,,unresolved,No first-party or government campus-address source was independently verified for this row in this research pass; the review URL is only a starting point. Keep unresolved rather than infer a district.
68,Institute of Cost Accountants of India,Kolkata,West Bengal,https://icmai.in,,,,,,,,,,,,,unresolved,No first-party or government campus-address source was independently verified for this row in this research pass; the review URL is only a starting point. Keep unresolved rather than infer a district.
69,Shri Ram College of Commerce (SRCC),New Delhi,Delhi,https://www.srcc.edu,https://www.srcc.edu/contact-us,"SRCC address: University of Delhi, North Campus, Maurice Nagar, Delhi 110007; page says college is situated in DU North Campus.",official_postal_lookup,https://www.indiapost.gov.in/Financial/DOP_PDFFiles/imtListWU.pdf,"India Post postal directory row: DELHI UNIVERSITY POST OFFICE, inside Delhi University Campus DU North Campus, Delhi, North Delhi, Delhi, PIN 110007. Same PIN rows shown for this area are also in North Delhi.",https://www.indiapost.gov.in/Financial/DOP_PDFFiles/imtListWU.pdf,Delhi University Post Office (inside Delhi University Campus DU North Campus),North Delhi,Delhi,"High: SRCC first-party address names Maurice Nagar, DU North Campus, PIN 110007; India Post identifies the Delhi University Campus DU North Campus post office at that PIN in North Delhi, Delhi. Mapped postal label North Delhi to LGD canonical North (80).",North,80,resolved,
70,Loyola College,Chennai,Tamil Nadu,https://www.loyolacollege.edu,,,,,,,,,,,,,unresolved,No first-party or government campus-address source was independently verified for this row in this research pass; the review URL is only a starting point. Keep unresolved rather than infer a district.
71,St. Xaviers College,Mumbai,Maharashtra,https://xaviers.edu,https://xaviers.edu/more/,"St. Xavier’s College, 5 Mahapalika Marg, Mumbai, Maharashtra 400001.",,,,,,,,,,,unresolved,Official college source confirms campus postal address but does not explicitly name the administrative district.
72,Narsee Monjee College of Commerce and Economics,Mumbai,Maharashtra,https://www.nmmcms.ac.in,,,,,,,,,,,,,unresolved,No first-party or government campus-address source was independently verified for this row in this research pass; the review URL is only a starting point. Keep unresolved rather than infer a district.
73,Christ University,Bangalore,Karnataka,https://www.christuniversity.in,https://christuniversity.in/application-queries,"CHRIST source lists Central Campus at Hosur Road, Bengaluru 560029; Bannerghatta Road campus at Hulimavu, Bengaluru 560076; Kengeri campus at Kumbalgodu, Bengaluru 560074.",,,,,,,,,,,unresolved,Official source confirms several Bengaluru campuses; generic row does not specify which and no address names an administrative district.
74,Symbiosis College of Arts and Commerce,Pune,Maharashtra,https://www.symbiosiscollege.edu.in,,,,,,,,,,,,,unresolved,No first-party or government campus-address source was independently verified for this row in this research pass; the review URL is only a starting point. Keep unresolved rather than infer a district.
75,Lady Shri Ram College for Women,New Delhi,Delhi,https://www.lsr.edu.in,,,,,,,,,,,,,unresolved,No first-party or government campus-address source was independently verified for this row in this research pass; the review URL is only a starting point. Keep unresolved rather than infer a district.
76,St. Josephs College of Commerce,Bangalore,Karnataka,https://www.sjcc.edu.in,,,,,,,,,,,,,unresolved,No first-party or government campus-address source was independently verified for this row in this research pass; the review URL is only a starting point. Keep unresolved rather than infer a district.
77,Hans Raj College,New Delhi,Delhi,https://www.hansrajcollege.ac.in,,,,,,,,,,,,,unresolved,No first-party or government campus-address source was independently verified for this row in this research pass; the review URL is only a starting point. Keep unresolved rather than infer a district.
78,Presidency College,Chennai,Tamil Nadu,https://www.presidencycollege.ac.in,,,,,,,,,,,,,unresolved,No first-party or government campus-address source was independently verified for this row in this research pass; the review URL is only a starting point. Keep unresolved rather than infer a district.
79,Institute of Company Secretaries of India,New Delhi,Delhi,https://www.icsi.edu,,,,,,,,,,,,,unresolved,No first-party or government campus-address source was independently verified for this row in this research pass; the review URL is only a starting point. Keep unresolved rather than infer a district.
80,Indian Institute of Management Ahmedabad,Ahmedabad,Gujarat,https://www.iima.ac.in,https://iima.ac.in/the-institute/campus/connect-with-us,"Indian Institute of Management Ahmedabad, Vastrapur, Ahmedabad, Gujarat 380015.",,,,,,,,,,,unresolved,Official campus page confirms postal address but does not explicitly name the administrative district.
83,"Faculty of Management Studies (FMS), University of Delhi",Delhi,Delhi,https://fms.edu,,,,,,,,,,,,,unresolved,No first-party or government campus-address source was independently verified for this row in this research pass; the review URL is only a starting point. Keep unresolved rather than infer a district.
84,XLRI - Xavier School of Management,Jamshedpur,Jharkhand,https://www.xlri.ac.in,https://www.xlri.ac.in/,"XLRI, C.H. Area (East), Jamshedpur 831001, Jharkhand.",,,,,,,,,,,unresolved,Official source confirms the Jamshedpur campus postal address but does not explicitly name the administrative district.
85,SP Jain Institute of Management and Research,Mumbai,Maharashtra,https://www.spjimr.org,,,,,,,,,,,,,unresolved,No first-party or government campus-address source was independently verified for this row in this research pass; the review URL is only a starting point. Keep unresolved rather than infer a district.
86,Madras School of Economics,Chennai,Tamil Nadu,https://www.mse.ac.in,,,,,,,,,,,,,unresolved,No first-party or government campus-address source was independently verified for this row in this research pass; the review URL is only a starting point. Keep unresolved rather than infer a district.
87,Delhi School of Economics,New Delhi,Delhi,https://econdse.org,,,,,,,,,,,,,unresolved,No first-party or government campus-address source was independently verified for this row in this research pass; the review URL is only a starting point. Keep unresolved rather than infer a district.
88,Jamnalal Bajaj Institute of Management Studies (JBIMS),Mumbai,Maharashtra,https://www.jbims.edu,,,,,,,,,,,,,unresolved,No first-party or government campus-address source was independently verified for this row in this research pass; the review URL is only a starting point. Keep unresolved rather than infer a district.
89,Indian Institute of Technology Delhi,New Delhi,Delhi,https://www.iitd.ac.in,https://home.iitd.ac.in/contact.php,"IIT Delhi main campus: Hauz Khas, New Delhi 110016; source separately lists Sonipat campus at Rajiv Gandhi Education City, Kundli, Sonipat 131028.",,,,,,,,,,,unresolved,"Official IIT Delhi page lists the Hauz Khas and Sonipat campuses, but does not identify this record's campus or its administrative district."
91,IIIT Hyderabad,Hyderabad,Telangana,https://www.iiit.ac.in,,,,,,,,,,,,,unresolved,No first-party or government campus-address source was independently verified for this row in this research pass; the review URL is only a starting point. Keep unresolved rather than infer a district.
92,National Institute of Technology Warangal,Warangal,Telangana,https://www.nitw.ac.in,,,,,,,,,,,,,unresolved,No first-party or government campus-address source was independently verified for this row in this research pass; the review URL is only a starting point. Keep unresolved rather than infer a district.
93,National Institute of Technology Karnataka Surathkal,Surathkal,Karnataka,https://www.nitk.ac.in,,,,,,,,,,,,,unresolved,No first-party or government campus-address source was independently verified for this row in this research pass; the review URL is only a starting point. Keep unresolved rather than infer a district.
95,Manipal Institute of Technology,Manipal,Karnataka,https://manipal.edu/mit.html,,,,,,,,,,,,,unresolved,No first-party or government campus-address source was independently verified for this row in this research pass; the review URL is only a starting point. Keep unresolved rather than infer a district.
97,Bombay Stock Exchange (BSE) Institute,Mumbai,Maharashtra,https://www.bsebti.com,,,,,,,,,,,,,unresolved,No first-party or government campus-address source was independently verified for this row in this research pass; the review URL is only a starting point. Keep unresolved rather than infer a district.
99,National Institute of Financial Management (NIFM),Faridabad,Haryana,https://www.nifm.ac.in,,,,,,,,,,,,,unresolved,No first-party or government campus-address source was independently verified for this row in this research pass; the review URL is only a starting point. Keep unresolved rather than infer a district.
100,Institute of Financial Management and Research (IFMR),Chennai,Tamil Nadu,https://www.ifmr.ac.in,,,,,,,,,,,,,unresolved,No first-party or government campus-address source was independently verified for this row in this research pass; the review URL is only a starting point. Keep unresolved rather than infer a district.
101,CFA Institute (India Chapter),Mumbai,Maharashtra,https://www.cfainstitute.org,,,,,,,,,,,,,unresolved,No first-party or government campus-address source was independently verified for this row in this research pass; the review URL is only a starting point. Keep unresolved rather than infer a district.
103,National Institute of Design Haryana,Kurukshetra,Haryana,https://www.nidh.ac.in,,,,,,,,,,,,,unresolved,No first-party or government campus-address source was independently verified for this row in this research pass; the review URL is only a starting point. Keep unresolved rather than infer a district.
105,Srishti Manipal Institute of Art Design and Technology,Bengaluru,Karnataka,https://srishti.ac.in,,,,,,,,,,,,,unresolved,No first-party or government campus-address source was independently verified for this row in this research pass; the review URL is only a starting point. Keep unresolved rather than infer a district.
107,CEPT University,Ahmedabad,Gujarat,https://www.cept.ac.in,,,,,,,,,,,,,unresolved,No first-party or government campus-address source was independently verified for this row in this research pass; the review URL is only a starting point. Keep unresolved rather than infer a district.
109,School of Planning and Architecture Bhopal,Bhopal,Madhya Pradesh,https://www.spabhopal.ac.in,,,,,,,,,,,,,unresolved,No first-party or government campus-address source was independently verified for this row in this research pass; the review URL is only a starting point. Keep unresolved rather than infer a district.
110,Sir JJ College of Architecture,Mumbai,Maharashtra,https://www.sirjjarchitecture.org,,,,,,,,,,,,,unresolved,No first-party or government campus-address source was independently verified for this row in this research pass; the review URL is only a starting point. Keep unresolved rather than infer a district.
111,Lovely Professional University,Phagwara,Punjab,https://www.lpu.in,,,,,,,,,,,,,unresolved,No first-party or government campus-address source was independently verified for this row in this research pass; the review URL is only a starting point. Keep unresolved rather than infer a district.
112,MAEER MIT Institute of Design,Pune,Maharashtra,https://www.maeer-mitpune.ac.in,,,,,,,,,,,,,unresolved,No first-party or government campus-address source was independently verified for this row in this research pass; the review URL is only a starting point. Keep unresolved rather than infer a district.
113,JJ School of Art Mumbai,Mumbai,Maharashtra,https://www.sirjjschoolofart.org,,,,,,,,,,,,,unresolved,No first-party or government campus-address source was independently verified for this row in this research pass; the review URL is only a starting point. Keep unresolved rather than infer a district.
114,College of Architecture Trivandrum,Thiruvananthapuram,Kerala,https://www.cat.kerala.gov.in,,,,,,,,,,,,,unresolved,No first-party or government campus-address source was independently verified for this row in this research pass; the review URL is only a starting point. Keep unresolved rather than infer a district.
115,Chandigarh College of Architecture,Chandigarh,Chandigarh,https://www.ccachandigarh.ac.in,,,,,,,,,,,,,unresolved,No first-party or government campus-address source was independently verified for this row in this research pass; the review URL is only a starting point. Keep unresolved rather than infer a district.
116,IIT Kharagpur (Architecture),Kharagpur,West Bengal,https://www.iitkgp.ac.in/department/AR,https://www.iitkgp.ac.in/,"IIT Kharagpur address: Kharagpur, India 721302.",,,,,,,,,,,unresolved,Official IIT Kharagpur source gives the parent institute postal address only; it does not explicitly establish this child department/school record's campus or administrative district.
117,IIT Madras (Data Science),Chennai,Tamil Nadu,https://study.iitm.ac.in,https://www.iitm.ac.in/contact,"Indian Institute of Technology Madras, IIT P.O., Chennai 600036.",,,,,,,,,,,unresolved,Official IIT Madras source gives parent-institute address only; it does not explicitly establish this department/programme record's campus or administrative district.
118,IIT Bombay (Cyber Security),Mumbai,Maharashtra,https://www.cse.iitb.ac.in,https://iitb.ac.in/contact-us,"IIT Bombay mailing address: Powai, Mumbai 400076, Maharashtra.",,,,,,,,,,,unresolved,Official IIT Bombay source gives parent-institute mailing address only; it does not explicitly establish this department/centre record's campus or administrative district.
120,KEM Hospital Mumbai,Mumbai,Maharashtra,https://www.kemhospital.org,,,,,,,,,,,,,unresolved,No first-party or government campus-address source was independently verified for this row in this research pass; the review URL is only a starting point. Keep unresolved rather than infer a district.
121,Rajiv Gandhi Academy for Aviation Technology,Thiruvananthapuram,Kerala,https://rgaat.gov.in,,,,,,,,,,,,,unresolved,No first-party or government campus-address source was independently verified for this row in this research pass; the review URL is only a starting point. Keep unresolved rather than infer a district.
122,Indira Gandhi Institute of Aeronautics,Chandigarh,Chandigarh,https://www.igiaviationacademy.com,,,,,,,,,,,,,unresolved,No first-party or government campus-address source was independently verified for this row in this research pass; the review URL is only a starting point. Keep unresolved rather than infer a district.
123,Aldine CA Classes,Mumbai,Maharashtra,https://www.aldineca.com,,,,,,,,,,,,,unresolved,No first-party or government campus-address source was independently verified for this row in this research pass; the review URL is only a starting point. Keep unresolved rather than infer a district.
124,J.K. Shah Classes,Mumbai,Maharashtra,https://www.jkshahclasses.com,,,,,,,,,,,,,unresolved,No first-party or government campus-address source was independently verified for this row in this research pass; the review URL is only a starting point. Keep unresolved rather than infer a district.
126,LV Prasad Film and TV Academy,Chennai,Tamil Nadu,https://www.lvprasadacademy.com,,,,,,,,,,,,,unresolved,No first-party or government campus-address source was independently verified for this row in this research pass; the review URL is only a starting point. Keep unresolved rather than infer a district.
128,Asian Academy of Film and Television,Noida,Uttar Pradesh,https://www.aaft.com,,,,,,,,,,,,,unresolved,No first-party or government campus-address source was independently verified for this row in this research pass; the review URL is only a starting point. Keep unresolved rather than infer a district.
129,Shankar IAS Academy,Chennai,Tamil Nadu,https://www.shankariastoppers.com,,,,,,,,,,,,,unresolved,No first-party or government campus-address source was independently verified for this row in this research pass; the review URL is only a starting point. Keep unresolved rather than infer a district.
130,KSG India (Khan Study Group),New Delhi,Delhi,https://www.ksgindia.com,,,,,,,,,,,,,unresolved,No first-party or government campus-address source was independently verified for this row in this research pass; the review URL is only a starting point. Keep unresolved rather than infer a district.
131,Amity University,Noida,Uttar Pradesh,https://www.amity.edu,,,,,,,,,,,,,unresolved,No first-party or government campus-address source was independently verified for this row in this research pass; the review URL is only a starting point. Keep unresolved rather than infer a district.
132,Jamia Millia Islamia,New Delhi,Delhi,http://www.jmi.nic.in,,,,,,,,,,,,,unresolved,No first-party or government campus-address source was independently verified for this row in this research pass; the review URL is only a starting point. Keep unresolved rather than infer a district.
133,National Defence Academy,Pune,Maharashtra,https://nda.nic.in,,,,,,,,,,,,,unresolved,No first-party or government campus-address source was independently verified for this row in this research pass; the review URL is only a starting point. Keep unresolved rather than infer a district.
134,Indian Military Academy,Dehradun,Uttarakhand,https://indianarmy.nic.in,,,,,,,,,,,,,unresolved,No first-party or government campus-address source was independently verified for this row in this research pass; the review URL is only a starting point. Keep unresolved rather than infer a district.
135,Indian Naval Academy,Kannur,Kerala,https://www.indiannavy.nic.in,,,,,,,,,,,,,unresolved,No first-party or government campus-address source was independently verified for this row in this research pass; the review URL is only a starting point. Keep unresolved rather than infer a district.
136,Air Force Academy,Hyderabad,Telangana,https://indianairforce.nic.in,,,,,,,,,,,,,unresolved,No first-party or government campus-address source was independently verified for this row in this research pass; the review URL is only a starting point. Keep unresolved rather than infer a district.
137,Officers Training Academy Chennai,Chennai,Tamil Nadu,https://joinindianarmy.nic.in,,,,,,,,,,,,,unresolved,No first-party or government campus-address source was independently verified for this row in this research pass; the review URL is only a starting point. Keep unresolved rather than infer a district.
138,Indian Maritime University,Chennai,Tamil Nadu,https://www.imu.edu.in,,,,,,,,,,,,,unresolved,No first-party or government campus-address source was independently verified for this row in this research pass; the review URL is only a starting point. Keep unresolved rather than infer a district.
139,T.S. Chanakya (Mumbai),Navi Mumbai,Maharashtra,https://www.tschanakya.ac.in,,,,,,,,,,,,,unresolved,No first-party or government campus-address source was independently verified for this row in this research pass; the review URL is only a starting point. Keep unresolved rather than infer a district.
140,Marine Engineering and Research Institute (MERI),Kolkata,West Bengal,https://www.merikolkata.ac.in,,,,,,,,,,,,,unresolved,No first-party or government campus-address source was independently verified for this row in this research pass; the review URL is only a starting point. Keep unresolved rather than infer a district.
141,Tolani Maritime Institute,Pune,Maharashtra,https://www.tmi.ac.in,,,,,,,,,,,,,unresolved,No first-party or government campus-address source was independently verified for this row in this research pass; the review URL is only a starting point. Keep unresolved rather than infer a district.
142,Coimbatore Marine College,Coimbatore,Tamil Nadu,https://www.coimbatoremarinecollege.com,,,,,,,,,,,,,unresolved,No first-party or government campus-address source was independently verified for this row in this research pass; the review URL is only a starting point. Keep unresolved rather than infer a district.
145,Indian Institute of Management Kozhikode,Kozhikode,Kerala,https://www.iimk.ac.in,,,,,,,,,,,,,unresolved,No first-party or government campus-address source was independently verified for this row in this research pass; the review URL is only a starting point. Keep unresolved rather than infer a district.
146,Management Development Institute (MDI),Gurgaon,Haryana,https://www.mdi.ac.in,,,,,,,,,,,,,unresolved,No first-party or government campus-address source was independently verified for this row in this research pass; the review URL is only a starting point. Keep unresolved rather than infer a district.
147,Indian Institute of Foreign Trade,New Delhi,Delhi,https://www.iift.ac.in,,,,,,,,,,,,,unresolved,No first-party or government campus-address source was independently verified for this row in this research pass; the review URL is only a starting point. Keep unresolved rather than infer a district.
148,Symbiosis Institute of Business Management (SIBM),Pune,Maharashtra,https://www.sibmpune.edu.in,,,,,,,,,,,,,unresolved,No first-party or government campus-address source was independently verified for this row in this research pass; the review URL is only a starting point. Keep unresolved rather than infer a district.
149,MICA,Ahmedabad,Gujarat,https://www.mica.ac.in,,,,,,,,,,,,,unresolved,No first-party or government campus-address source was independently verified for this row in this research pass; the review URL is only a starting point. Keep unresolved rather than infer a district.
153,National Institute of Fashion Technology New Delhi,New Delhi,Delhi,https://www.nift.ac.in,,,,,,,,,,,,,unresolved,No first-party or government campus-address source was independently verified for this row in this research pass; the review URL is only a starting point. Keep unresolved rather than infer a district.
154,Amity School of Fashion Technology,Noida,Uttar Pradesh,https://www.amity.edu/asft,,,,,,,,,,,,,unresolved,No first-party or government campus-address source was independently verified for this row in this research pass; the review URL is only a starting point. Keep unresolved rather than infer a district.
156,IMT Ghaziabad,Ghaziabad,Uttar Pradesh,https://www.imt.edu,,,,,,,,,,,,,unresolved,No first-party or government campus-address source was independently verified for this row in this research pass; the review URL is only a starting point. Keep unresolved rather than infer a district.
157,JD Institute of Fashion Technology,Bengaluru,Karnataka,https://www.jdinstitute.edu.in,,,,,,,,,,,,,unresolved,No first-party or government campus-address source was independently verified for this row in this research pass; the review URL is only a starting point. Keep unresolved rather than infer a district.
158,Tata Institute of Social Sciences (TISS),Mumbai,Maharashtra,https://www.tiss.edu,,,,,,,,,,,,,unresolved,No first-party or government campus-address source was independently verified for this row in this research pass; the review URL is only a starting point. Keep unresolved rather than infer a district.
159,Indian Institute of Management Ranchi,Ranchi,Jharkhand,https://www.iimranchi.ac.in,,,,,,,,,,,,,unresolved,No first-party or government campus-address source was independently verified for this row in this research pass; the review URL is only a starting point. Keep unresolved rather than infer a district.
161,T.A. Pai Management Institute (TAPMI),Manipal,Karnataka,https://www.tapmi.edu.in,,,,,,,,,,,,,unresolved,No first-party or government campus-address source was independently verified for this row in this research pass; the review URL is only a starting point. Keep unresolved rather than infer a district.
162,Great Lakes Institute of Management,Chennai,Tamil Nadu,https://www.greatlakes.edu.in,,,,,,,,,,,,,unresolved,No first-party or government campus-address source was independently verified for this row in this research pass; the review URL is only a starting point. Keep unresolved rather than infer a district.
163,Indian Institute of Management Nagpur,Nagpur,Maharashtra,https://www.iimnagpur.ac.in,,,,,,,,,,,,,unresolved,No first-party or government campus-address source was independently verified for this row in this research pass; the review URL is only a starting point. Keep unresolved rather than infer a district.
164,Indian Institute of Mass Communication New Delhi,New Delhi,Delhi,https://iimc.gov.in,,,,,,,,,,,,,unresolved,No first-party or government campus-address source was independently verified for this row in this research pass; the review URL is only a starting point. Keep unresolved rather than infer a district.
165,Asian College of Journalism,Chennai,Tamil Nadu,https://www.asiancollegeofjournalism.org,,,,,,,,,,,,,unresolved,No first-party or government campus-address source was independently verified for this row in this research pass; the review URL is only a starting point. Keep unresolved rather than infer a district.
166,Symbiosis Institute of Media and Communication,Pune,Maharashtra,https://smc.symbiosis.ac.in,,,,,,,,,,,,,unresolved,No first-party or government campus-address source was independently verified for this row in this research pass; the review URL is only a starting point. Keep unresolved rather than infer a district.
167,Xavier Institute of Communications,Mumbai,Maharashtra,https://xaviercomm.org,,,,,,,,,,,,,unresolved,No first-party or government campus-address source was independently verified for this row in this research pass; the review URL is only a starting point. Keep unresolved rather than infer a district.
168,AJK Mass Communication Research Centre JMI,New Delhi,Delhi,https://www.jmi.ac.in/aboutjmi/schools_centres/ajkmcrc,,,,,,,,,,,,,unresolved,No first-party or government campus-address source was independently verified for this row in this research pass; the review URL is only a starting point. Keep unresolved rather than infer a district.
169,Times School of Journalism,New Delhi,Delhi,https://timesschoolofjournalism.com,,,,,,,,,,,,,unresolved,No first-party or government campus-address source was independently verified for this row in this research pass; the review URL is only a starting point. Keep unresolved rather than infer a district.
173,West Bengal National University of Juridical Sciences,Kolkata,West Bengal,http://www.nujs.edu,,,,,,,,,,,,,unresolved,No first-party or government campus-address source was independently verified for this row in this research pass; the review URL is only a starting point. Keep unresolved rather than infer a district.
175,Symbiosis Law School,Pune,Maharashtra,https://www.symbiosis.ac.in/symbiosis-law-school,,,,,,,,,,,,,unresolved,No first-party or government campus-address source was independently verified for this row in this research pass; the review URL is only a starting point. Keep unresolved rather than infer a district.
176,Government Law College,Mumbai,Maharashtra,https://www.glcmumbai.ac.in,,,,,,,,,,,,,unresolved,No first-party or government campus-address source was independently verified for this row in this research pass; the review URL is only a starting point. Keep unresolved rather than infer a district.
177,"Faculty of Law, University of Delhi",Delhi,Delhi,https://lawfaculty.du.ac.in,,,,,,,,,,,,,unresolved,No first-party or government campus-address source was independently verified for this row in this research pass; the review URL is only a starting point. Keep unresolved rather than infer a district.
184,National School of Drama,New Delhi,Delhi,https://nsd.gov.in,,,,,,,,,,,,,unresolved,No first-party or government campus-address source was independently verified for this row in this research pass; the review URL is only a starting point. Keep unresolved rather than infer a district.
185,Satyajit Ray Film and Television Institute,Kolkata,West Bengal,https://srfti.ac.in,,,,,,,,,,,,,unresolved,No first-party or government campus-address source was independently verified for this row in this research pass; the review URL is only a starting point. Keep unresolved rather than infer a district.
186,Film and Television Institute of India,Pune,Maharashtra,https://www.ftii.ac.in,,,,,,,,,,,,,unresolved,No first-party or government campus-address source was independently verified for this row in this research pass; the review URL is only a starting point. Keep unresolved rather than infer a district.
188,Faculty of Fine Arts MSU Baroda,Vadodara,Gujarat,https://msubaroda.ac.in/faculty-of-fine-arts,,,,,,,,,,,,,unresolved,No first-party or government campus-address source was independently verified for this row in this research pass; the review URL is only a starting point. Keep unresolved rather than infer a district.
189,College of Art Delhi,New Delhi,Delhi,https://www.collegeofart.ac.in,,,,,,,,,,,,,unresolved,No first-party or government campus-address source was independently verified for this row in this research pass; the review URL is only a starting point. Keep unresolved rather than infer a district.
190,Kala Bhavana Santiniketan,Santiniketan,West Bengal,https://www.visva-bharati.ac.in/Schools/KalaBhavana,,,,,,,,,,,,,unresolved,No first-party or government campus-address source was independently verified for this row in this research pass; the review URL is only a starting point. Keep unresolved rather than infer a district.
191,Government College of Fine Arts Chennai,Chennai,Tamil Nadu,https://www.gcfachennai.ac.in,,,,,,,,,,,,,unresolved,No first-party or government campus-address source was independently verified for this row in this research pass; the review URL is only a starting point. Keep unresolved rather than infer a district.
192,Indian Institute of Banking and Finance,Mumbai,Maharashtra,https://www.iibf.org.in,,,,,,,,,,,,,unresolved,No first-party or government campus-address source was independently verified for this row in this research pass; the review URL is only a starting point. Keep unresolved rather than infer a district.
193,National Insurance Academy (NIA),Pune,Maharashtra,https://www.niapune.org.in,,,,,,,,,,,,,unresolved,No first-party or government campus-address source was independently verified for this row in this research pass; the review URL is only a starting point. Keep unresolved rather than infer a district.
194,Insurance Institute of India,Mumbai,Maharashtra,https://www.insuranceinstituteofindia.com,,,,,,,,,,,,,unresolved,No first-party or government campus-address source was independently verified for this row in this research pass; the review URL is only a starting point. Keep unresolved rather than infer a district.
196,Indira Gandhi Institute of Development Research (IGIDR),Mumbai,Maharashtra,https://www.igidr.ac.in,,,,,,,,,,,,,unresolved,No first-party or government campus-address source was independently verified for this row in this research pass; the review URL is only a starting point. Keep unresolved rather than infer a district.
197,Institute of Economic Growth (IEG),New Delhi,Delhi,https://iegindia.org,,,,,,,,,,,,,unresolved,No first-party or government campus-address source was independently verified for this row in this research pass; the review URL is only a starting point. Keep unresolved rather than infer a district.
199,School of Planning and Architecture New Delhi,New Delhi,Delhi,https://www.spa.ac.in,,,,,,,,,,,,,unresolved,No first-party or government campus-address source was independently verified for this row in this research pass; the review URL is only a starting point. Keep unresolved rather than infer a district.
201,IIT Roorkee (Architecture),Roorkee,Uttarakhand,https://www.iitr.ac.in,,,,,,,,,,,,,unresolved,No first-party or government campus-address source was independently verified for this row in this research pass; the review URL is only a starting point. Keep unresolved rather than infer a district.
205,School of Planning and Architecture Vijayawada,Vijayawada,Andhra Pradesh,https://www.spav.ac.in,,,,,,,,,,,,,unresolved,No first-party or government campus-address source was independently verified for this row in this research pass; the review URL is only a starting point. Keep unresolved rather than infer a district.
206,IIT Bombay (Physics),Mumbai,Maharashtra,https://www.iitb.ac.in,https://iitb.ac.in/contact-us,"IIT Bombay mailing address: Powai, Mumbai 400076, Maharashtra.",,,,,,,,,,,unresolved,Official IIT Bombay source gives parent-institute mailing address only; it does not explicitly establish this department/centre record's campus or administrative district.
207,IIT Madras (Physics),Chennai,Tamil Nadu,https://www.iitm.ac.in,https://www.iitm.ac.in/contact,"Indian Institute of Technology Madras, IIT P.O., Chennai 600036.",,,,,,,,,,,unresolved,Official IIT Madras source gives parent-institute address only; it does not explicitly establish this department/programme record's campus or administrative district.
209,Tata Institute of Fundamental Research (TIFR),Mumbai,Maharashtra,https://www.tifr.res.in,,,,,,,,,,,,,unresolved,No first-party or government campus-address source was independently verified for this row in this research pass; the review URL is only a starting point. Keep unresolved rather than infer a district.
214,IIT Bombay (Chemistry),Mumbai,Maharashtra,https://www.iitb.ac.in,https://iitb.ac.in/contact-us,"IIT Bombay mailing address: Powai, Mumbai 400076, Maharashtra.",,,,,,,,,,,unresolved,Official IIT Bombay source gives parent-institute mailing address only; it does not explicitly establish this department/centre record's campus or administrative district.
215,Institute of Chemical Technology (ICT) Mumbai,Mumbai,Maharashtra,https://www.ictmumbai.edu.in,,,,,,,,,,,,,unresolved,No first-party or government campus-address source was independently verified for this row in this research pass; the review URL is only a starting point. Keep unresolved rather than infer a district.
217,NALSAR University of Law,Hyderabad,Telangana,https://www.nalsar.ac.in,,,,,,,,,,,,,unresolved,No first-party or government campus-address source was independently verified for this row in this research pass; the review URL is only a starting point. Keep unresolved rather than infer a district.
218,National Law University Delhi,New Delhi,Delhi,https://nludelhi.ac.in,,,,,,,,,,,,,unresolved,No first-party or government campus-address source was independently verified for this row in this research pass; the review URL is only a starting point. Keep unresolved rather than infer a district.
220,Gujarat National Law University,Gandhinagar,Gujarat,https://www.gnlu.ac.in,,,,,,,,,,,,,unresolved,No first-party or government campus-address source was independently verified for this row in this research pass; the review URL is only a starting point. Keep unresolved rather than infer a district.
222,ILS Law College Pune,Pune,Maharashtra,https://www.ilspune.edu.in,,,,,,,,,,,,,unresolved,No first-party or government campus-address source was independently verified for this row in this research pass; the review URL is only a starting point. Keep unresolved rather than infer a district.
232,Chanakya IAS Academy,New Delhi,Delhi,https://www.chanakya-ias.com,,,,,,,,,,,,,unresolved,No first-party or government campus-address source was independently verified for this row in this research pass; the review URL is only a starting point. Keep unresolved rather than infer a district.
233,Vaid's ICS Lucknow,Lucknow,Uttar Pradesh,https://www.vaidicslucknow.com/,,,,,,,,,,,,,unresolved,No first-party or government campus-address source was independently verified for this row in this research pass; the review URL is only a starting point. Keep unresolved rather than infer a district.
239,Banaras Hindu University,Varanasi,Uttar Pradesh,http://www.bhu.ac.in,,,,,,,,,,,,,unresolved,No first-party or government campus-address source was independently verified for this row in this research pass; the review URL is only a starting point. Keep unresolved rather than infer a district.
240,University of Mumbai,Mumbai,Maharashtra,https://mu.ac.in,,,,,,,,,,,,,unresolved,No first-party or government campus-address source was independently verified for this row in this research pass; the review URL is only a starting point. Keep unresolved rather than infer a district.
242,Indian Institute of Technology (Indian School of Mines) Dhanbad,Dhanbad,Jharkhand,https://www.iitism.ac.in,,,,,,,,,,,,,unresolved,No first-party or government campus-address source was independently verified for this row in this research pass; the review URL is only a starting point. Keep unresolved rather than infer a district.
245,Andhra University (Geology),Visakhapatnam,Andhra Pradesh,https://www.andhrauniversity.edu.in,,,,,,,,,,,,,unresolved,No first-party or government campus-address source was independently verified for this row in this research pass; the review URL is only a starting point. Keep unresolved rather than infer a district.
246,BHU (Geology),Varanasi,Uttar Pradesh,https://www.bhu.ac.in,,,,,,,,,,,,,unresolved,No first-party or government campus-address source was independently verified for this row in this research pass; the review URL is only a starting point. Keep unresolved rather than infer a district.
249,IIT Delhi (Atmospheric Sciences),New Delhi,Delhi,https://www.iitd.ac.in,https://home.iitd.ac.in/contact.php,"IIT Delhi main campus: Hauz Khas, New Delhi 110016; source separately lists Sonipat campus at Rajiv Gandhi Education City, Kundli, Sonipat 131028.",,,,,,,,,,,unresolved,"Official IIT Delhi page lists the Hauz Khas and Sonipat campuses, but does not identify this record's campus or its administrative district."
251,Cochin University of Science and Technology,Kochi,Kerala,https://cusat.ac.in,,,,,,,,,,,,,unresolved,No first-party or government campus-address source was independently verified for this row in this research pass; the review URL is only a starting point. Keep unresolved rather than infer a district.
255,Goa University (Marine Science),Goa,Goa,https://www.unigoa.ac.in,,,,,,,,,,,,,unresolved,No first-party or government campus-address source was independently verified for this row in this research pass; the review URL is only a starting point. Keep unresolved rather than infer a district.
256,Berhampur University (Marine Science),Berhampur,Odisha,https://www.buodisha.edu.in,,,,,,,,,,,,,unresolved,No first-party or government campus-address source was independently verified for this row in this research pass; the review URL is only a starting point. Keep unresolved rather than infer a district.
258,JNU School of Social Sciences,New Delhi,Delhi,https://www.jnu.ac.in,,,,,,,,,,,,,unresolved,No first-party or government campus-address source was independently verified for this row in this research pass; the review URL is only a starting point. Keep unresolved rather than infer a district.
260,Gokhale Institute of Politics and Economics,Pune,Maharashtra,https://www.gipe.ac.in,,,,,,,,,,,,,unresolved,No first-party or government campus-address source was independently verified for this row in this research pass; the review URL is only a starting point. Keep unresolved rather than infer a district.
266,IIT Bombay (Electrical),Mumbai,Maharashtra,https://www.iitb.ac.in,https://iitb.ac.in/contact-us,"IIT Bombay mailing address: Powai, Mumbai 400076, Maharashtra.",,,,,,,,,,,unresolved,Official IIT Bombay source gives parent-institute mailing address only; it does not explicitly establish this department/centre record's campus or administrative district.
267,IIT Delhi (Electrical),New Delhi,Delhi,https://www.iitd.ac.in,https://home.iitd.ac.in/contact.php,"IIT Delhi main campus: Hauz Khas, New Delhi 110016; source separately lists Sonipat campus at Rajiv Gandhi Education City, Kundli, Sonipat 131028.",,,,,,,,,,,unresolved,"Official IIT Delhi page lists the Hauz Khas and Sonipat campuses, but does not identify this record's campus or its administrative district."
268,IIT Madras (Electrical),Chennai,Tamil Nadu,https://www.iitm.ac.in,https://www.iitm.ac.in/contact,"Indian Institute of Technology Madras, IIT P.O., Chennai 600036.",,,,,,,,,,,unresolved,Official IIT Madras source gives parent-institute address only; it does not explicitly establish this department/programme record's campus or administrative district.
269,Government Aviation Training Institute,Bhubaneswar,Odisha,https://www.flywithgati.com,,,,,,,,,,,,,unresolved,No first-party or government campus-address source was independently verified for this row in this research pass; the review URL is only a starting point. Keep unresolved rather than infer a district.
271,JNU School of International Studies,New Delhi,Delhi,https://www.jnu.ac.in,,,,,,,,,,,,,unresolved,No first-party or government campus-address source was independently verified for this row in this research pass; the review URL is only a starting point. Keep unresolved rather than infer a district.
273,Deccan College Pune,Pune,Maharashtra,https://deccancollegepune.ac.in,,,,,,,,,,,,,unresolved,No first-party or government campus-address source was independently verified for this row in this research pass; the review URL is only a starting point. Keep unresolved rather than infer a district.
274,National Museum Institute,New Delhi,Delhi,https://www.nmi.gov.in,,,,,,,,,,,,,unresolved,No first-party or government campus-address source was independently verified for this row in this research pass; the review URL is only a starting point. Keep unresolved rather than infer a district.
276,Jadavpur University,Kolkata,West Bengal,https://www.jaduniv.edu.in,,,,,,,,,,,,,unresolved,No first-party or government campus-address source was independently verified for this row in this research pass; the review URL is only a starting point. Keep unresolved rather than infer a district.
277,English and Foreign Languages University,Hyderabad,Telangana,https://www.efluniversity.ac.in,,,,,,,,,,,,,unresolved,No first-party or government campus-address source was independently verified for this row in this research pass; the review URL is only a starting point. Keep unresolved rather than infer a district.
279,Mahatma Gandhi Antarrashtriya Hindi Vishwavidyalaya,Wardha,Maharashtra,https://hindivishwa.org,,,,,,,,,,,,,unresolved,No first-party or government campus-address source was independently verified for this row in this research pass; the review URL is only a starting point. Keep unresolved rather than infer a district.
281,Faculty of Music and Fine Arts Delhi University,Delhi,Delhi,https://www.du.ac.in,,,,,,,,,,,,,unresolved,No first-party or government campus-address source was independently verified for this row in this research pass; the review URL is only a starting point. Keep unresolved rather than infer a district.
282,Bhatkhande Music Institute,Lucknow,Uttar Pradesh,https://www.bhatkhande.edu.in,,,,,,,,,,,,,unresolved,No first-party or government campus-address source was independently verified for this row in this research pass; the review URL is only a starting point. Keep unresolved rather than infer a district.
283,ITC Sangeet Research Academy,Kolkata,West Bengal,https://www.itcsra.org,,,,,,,,,,,,,unresolved,No first-party or government campus-address source was independently verified for this row in this research pass; the review URL is only a starting point. Keep unresolved rather than infer a district.
284,KM Music Conservatory,Chennai,Tamil Nadu,https://www.kmmc.in,,,,,,,,,,,,,unresolved,No first-party or government campus-address source was independently verified for this row in this research pass; the review URL is only a starting point. Keep unresolved rather than infer a district.
285,Kalakshetra Foundation,Chennai,Tamil Nadu,https://kalakshetra.in,,,,,,,,,,,,,unresolved,No first-party or government campus-address source was independently verified for this row in this research pass; the review URL is only a starting point. Keep unresolved rather than infer a district.
286,Nalanda Dance Research Centre,Mumbai,Maharashtra,https://www.nalandadanceresearch.org,,,,,,,,,,,,,unresolved,No first-party or government campus-address source was independently verified for this row in this research pass; the review URL is only a starting point. Keep unresolved rather than infer a district.
289,Post Graduate Institute of Medical Education and Research,Chandigarh,Chandigarh,https://pgimer.edu.in,,,,,,,,,,,,,unresolved,No first-party or government campus-address source was independently verified for this row in this research pass; the review URL is only a starting point. Keep unresolved rather than infer a district.
292,Maulana Azad Medical College,New Delhi,Delhi,https://www.mamc.ac.in,,,,,,,,,,,,,unresolved,No first-party or government campus-address source was independently verified for this row in this research pass; the review URL is only a starting point. Keep unresolved rather than infer a district.
293,Grant Medical College Mumbai,Mumbai,Maharashtra,https://www.grantmedicalcollegemumbai.org,,,,,,,,,,,,,unresolved,No first-party or government campus-address source was independently verified for this row in this research pass; the review URL is only a starting point. Keep unresolved rather than infer a district.
294,Maulana Azad Institute of Dental Sciences,New Delhi,Delhi,https://www.maids.ac.in,,,,,,,,,,,,,unresolved,No first-party or government campus-address source was independently verified for this row in this research pass; the review URL is only a starting point. Keep unresolved rather than infer a district.
295,Government Dental College Mumbai,Mumbai,Maharashtra,https://www.gdc-mum.org,,,,,,,,,,,,,unresolved,No first-party or government campus-address source was independently verified for this row in this research pass; the review URL is only a starting point. Keep unresolved rather than infer a district.
296,Manipal College of Dental Sciences,Manipal,Karnataka,https://mcods.manipal.edu,,,,,,,,,,,,,unresolved,No first-party or government campus-address source was independently verified for this row in this research pass; the review URL is only a starting point. Keep unresolved rather than infer a district.
297,SDM College of Dental Sciences,Dharwad,Karnataka,https://www.sdmcds.org,,,,,,,,,,,,,unresolved,No first-party or government campus-address source was independently verified for this row in this research pass; the review URL is only a starting point. Keep unresolved rather than infer a district.
300,Lakshmibai National Institute of Physical Education,Gwalior,Madhya Pradesh,https://www.lnipe.edu.in,,,,,,,,,,,,,unresolved,No first-party or government campus-address source was independently verified for this row in this research pass; the review URL is only a starting point. Keep unresolved rather than infer a district.
301,Institute of Hotel Management Pusa New Delhi,New Delhi,Delhi,https://ihmpusa.net,,,,,,,,,,,,,unresolved,No first-party or government campus-address source was independently verified for this row in this research pass; the review URL is only a starting point. Keep unresolved rather than infer a district.
302,Institute of Hotel Management Mumbai,Mumbai,Maharashtra,https://www.ihmctan.edu,,,,,,,,,,,,,unresolved,No first-party or government campus-address source was independently verified for this row in this research pass; the review URL is only a starting point. Keep unresolved rather than infer a district.
303,Institute of Hotel Management Bengaluru,Bengaluru,Karnataka,https://ihmbangalore.ac.in,,,,,,,,,,,,,unresolved,No first-party or government campus-address source was independently verified for this row in this research pass; the review URL is only a starting point. Keep unresolved rather than infer a district.
304,Oberoi Centre of Learning and Development,New Delhi,Delhi,https://www.oberoihotels.com/oberoi-centre-of-learning-and-development,,,,,,,,,,,,,unresolved,No first-party or government campus-address source was independently verified for this row in this research pass; the review URL is only a starting point. Keep unresolved rather than infer a district.
305,Indian Institute of Tourism and Travel Management Gwalior,Gwalior,Madhya Pradesh,https://iittm.ac.in,,,,,,,,,,,,,unresolved,No first-party or government campus-address source was independently verified for this row in this research pass; the review URL is only a starting point. Keep unresolved rather than infer a district.
306,National Institute of Event Management (NIEM),Mumbai,Maharashtra,https://www.niem.edu.in,,,,,,,,,,,,,unresolved,No first-party or government campus-address source was independently verified for this row in this research pass; the review URL is only a starting point. Keep unresolved rather than infer a district.
307,Gujarat Ayurved University,Jamnagar,Gujarat,https://www.ayurvedauniversity.edu.in,,,,,,,,,,,,,unresolved,No first-party or government campus-address source was independently verified for this row in this research pass; the review URL is only a starting point. Keep unresolved rather than infer a district.
308,Banaras Hindu University (Ayurveda),Varanasi,Uttar Pradesh,https://www.bhu.ac.in,,,,,,,,,,,,,unresolved,No first-party or government campus-address source was independently verified for this row in this research pass; the review URL is only a starting point. Keep unresolved rather than infer a district.
309,National Institute of Ayurveda,Jaipur,Rajasthan,https://www.nia.nic.in,,,,,,,,,,,,,unresolved,No first-party or government campus-address source was independently verified for this row in this research pass; the review URL is only a starting point. Keep unresolved rather than infer a district.
310,All India Institute of Ayurveda,New Delhi,Delhi,https://www.aiia.gov.in,,,,,,,,,,,,,unresolved,No first-party or government campus-address source was independently verified for this row in this research pass; the review URL is only a starting point. Keep unresolved rather than infer a district.
311,National Institute of Homoeopathy,Kolkata,West Bengal,https://www.nih.nic.in,,,,,,,,,,,,,unresolved,No first-party or government campus-address source was independently verified for this row in this research pass; the review URL is only a starting point. Keep unresolved rather than infer a district.
312,Dr. B.R. Sur Homoeopathic Medical College,New Delhi,Delhi,https://www.drbrsurhomeopathic.ac.in,,,,,,,,,,,,,unresolved,No first-party or government campus-address source was independently verified for this row in this research pass; the review URL is only a starting point. Keep unresolved rather than infer a district.
313,Father Muller Homoeopathic Medical College,Mangalore,Karnataka,https://www.fathermullerhmc.edu.in,,,,,,,,,,,,,unresolved,No first-party or government campus-address source was independently verified for this row in this research pass; the review URL is only a starting point. Keep unresolved rather than infer a district.
314,RAK College of Nursing,New Delhi,Delhi,https://www.rakcollegeofnursing.ac.in,,,,,,,,,,,,,unresolved,No first-party or government campus-address source was independently verified for this row in this research pass; the review URL is only a starting point. Keep unresolved rather than infer a district.
315,CMC Vellore (Nursing),Vellore,Tamil Nadu,https://www.cmch-vellore.edu,,,,,,,,,,,,,unresolved,No first-party or government campus-address source was independently verified for this row in this research pass; the review URL is only a starting point. Keep unresolved rather than infer a district.
316,AIIMS Nursing College,New Delhi,Delhi,https://www.aiims.edu,https://aiims.edu/index.php/en/address-location-directions,"AIIMS address page gives Ansari Nagar, New Delhi 110029; postal address for Rajendra Prasad Centre for Ophthalmic Sciences is also listed.",,,,,,,,,,,unresolved,"Official AIIMS page gives an address for the parent institute/Ansari Nagar and an eye centre, but does not tie this nursing-college record to that address or name a district."
317,Armed Forces Medical College,Pune,Maharashtra,https://afmc.nic.in,,,,,,,,,,,,,unresolved,No first-party or government campus-address source was independently verified for this row in this research pass; the review URL is only a starting point. Keep unresolved rather than infer a district.
318,National Institute of Pharmaceutical Education and Research Mohali,Mohali,Punjab,https://www.niper.gov.in,,,,,,,,,,,,,unresolved,No first-party or government campus-address source was independently verified for this row in this research pass; the review URL is only a starting point. Keep unresolved rather than infer a district.
319,Jamia Hamdard (Pharmacy),New Delhi,Delhi,https://www.jamiahamdard.edu,,,,,,,,,,,,,unresolved,No first-party or government campus-address source was independently verified for this row in this research pass; the review URL is only a starting point. Keep unresolved rather than infer a district.
320,Bombay College of Pharmacy,Mumbai,Maharashtra,https://www.bcp.edu.in,,,,,,,,,,,,,unresolved,No first-party or government campus-address source was independently verified for this row in this research pass; the review URL is only a starting point. Keep unresolved rather than infer a district.
321,BITS Pilani (Pharmacy),Pilani,Rajasthan,https://www.bits-pilani.ac.in,,,,,,,,,,,,,unresolved,No first-party or government campus-address source was independently verified for this row in this research pass; the review URL is only a starting point. Keep unresolved rather than infer a district.
322,Indian Veterinary Research Institute,Bareilly,Uttar Pradesh,https://ivri.nic.in,,,,,,,,,,,,,unresolved,No first-party or government campus-address source was independently verified for this row in this research pass; the review URL is only a starting point. Keep unresolved rather than infer a district.
323,Bombay Veterinary College,Mumbai,Maharashtra,https://www.mvsc.ac.in,,,,,,,,,,,,,unresolved,No first-party or government campus-address source was independently verified for this row in this research pass; the review URL is only a starting point. Keep unresolved rather than infer a district.
324,Madras Veterinary College,Chennai,Tamil Nadu,https://www.tanuvas.ac.in,,,,,,,,,,,,,unresolved,No first-party or government campus-address source was independently verified for this row in this research pass; the review URL is only a starting point. Keep unresolved rather than infer a district.
325,College of Veterinary Science Hyderabad,Hyderabad,Telangana,https://www.pvcafsc.telangana.gov.in,,,,,,,,,,,,,unresolved,No first-party or government campus-address source was independently verified for this row in this research pass; the review URL is only a starting point. Keep unresolved rather than infer a district.
326,KGMU Lucknow (Physiotherapy),Lucknow,Uttar Pradesh,https://www.kgmu.org,,,,,,,,,,,,,unresolved,No first-party or government campus-address source was independently verified for this row in this research pass; the review URL is only a starting point. Keep unresolved rather than infer a district.
327,CMC Vellore (Physiotherapy),Vellore,Tamil Nadu,https://www.cmch-vellore.edu,,,,,,,,,,,,,unresolved,No first-party or government campus-address source was independently verified for this row in this research pass; the review URL is only a starting point. Keep unresolved rather than infer a district.
328,AIIMS (Physiotherapy),New Delhi,Delhi,https://www.aiims.edu,https://aiims.edu/index.php/en/address-location-directions,"AIIMS address page gives Ansari Nagar, New Delhi 110029; postal address for Rajendra Prasad Centre for Ophthalmic Sciences is also listed.",,,,,,,,,,,unresolved,"Official AIIMS page gives an address for the parent institute/Ansari Nagar and an eye centre, but does not tie this physiotherapy record to that address or name a district."
330,JNU (Biotechnology),New Delhi,Delhi,https://www.jnu.ac.in,,,,,,,,,,,,,unresolved,No first-party or government campus-address source was independently verified for this row in this research pass; the review URL is only a starting point. Keep unresolved rather than infer a district.
331,IIT Delhi (Biotechnology),New Delhi,Delhi,https://www.iitd.ac.in,https://home.iitd.ac.in/contact.php,"IIT Delhi main campus: Hauz Khas, New Delhi 110016; source separately lists Sonipat campus at Rajiv Gandhi Education City, Kundli, Sonipat 131028.",,,,,,,,,,,unresolved,"Official IIT Delhi page lists the Hauz Khas and Sonipat campuses, but does not identify this record's campus or its administrative district."
332,Wildlife Institute of India,Dehradun,Uttarakhand,https://wii.gov.in,,,,,,,,,,,,,unresolved,No first-party or government campus-address source was independently verified for this row in this research pass; the review URL is only a starting point. Keep unresolved rather than infer a district.
333,Forest Research Institute (FRI),Dehradun,Uttarakhand,https://www.icfre.gov.in/fri.html,,,,,,,,,,,,,unresolved,No first-party or government campus-address source was independently verified for this row in this research pass; the review URL is only a starting point. Keep unresolved rather than infer a district.
334,Indian Institute of Forest Management,Bhopal,Madhya Pradesh,https://iifm.ac.in,,,,,,,,,,,,,unresolved,No first-party or government campus-address source was independently verified for this row in this research pass; the review URL is only a starting point. Keep unresolved rather than infer a district.
335,LNJN National Institute of Criminology and Forensic Science,New Delhi,Delhi,https://www.nicfs.gov.in,,,,,,,,,,,,,unresolved,No first-party or government campus-address source was independently verified for this row in this research pass; the review URL is only a starting point. Keep unresolved rather than infer a district.
336,National Forensic Sciences University,Gandhinagar,Gujarat,https://www.nfsu.ac.in,,,,,,,,,,,,,unresolved,No first-party or government campus-address source was independently verified for this row in this research pass; the review URL is only a starting point. Keep unresolved rather than infer a district.
338,Central Food Technological Research Institute (CFTRI),Mysuru,Karnataka,https://www.cftri.res.in,,,,,,,,,,,,,unresolved,No first-party or government campus-address source was independently verified for this row in this research pass; the review URL is only a starting point. Keep unresolved rather than infer a district.
339,National Institute of Food Technology Entrepreneurship and Management Kundli,Sonipat,Haryana,https://www.niftem.ac.in,,,,,,,,,,,,,unresolved,No first-party or government campus-address source was independently verified for this row in this research pass; the review URL is only a starting point. Keep unresolved rather than infer a district.
340,Indian Agricultural Research Institute,New Delhi,Delhi,https://www.iari.res.in,,,,,,,,,,,,,unresolved,No first-party or government campus-address source was independently verified for this row in this research pass; the review URL is only a starting point. Keep unresolved rather than infer a district.
341,Tamil Nadu Agricultural University,Coimbatore,Tamil Nadu,http://www.tnau.ac.in,,,,,,,,,,,,,unresolved,No first-party or government campus-address source was independently verified for this row in this research pass; the review URL is only a starting point. Keep unresolved rather than infer a district.
342,Punjab Agricultural University,Ludhiana,Punjab,https://www.pau.edu,,,,,,,,,,,,,unresolved,No first-party or government campus-address source was independently verified for this row in this research pass; the review URL is only a starting point. Keep unresolved rather than infer a district.
343,G.B. Pant University of Agriculture and Technology,Pantnagar,Uttarakhand,http://www.gbpuat.ac.in,,,,,,,,,,,,,unresolved,No first-party or government campus-address source was independently verified for this row in this research pass; the review URL is only a starting point. Keep unresolved rather than infer a district.
344,University of Agricultural Sciences Bangalore,Bengaluru,Karnataka,http://www.uasbangalore.edu.in,,,,,,,,,,,,,unresolved,No first-party or government campus-address source was independently verified for this row in this research pass; the review URL is only a starting point. Keep unresolved rather than infer a district.
345,Lady Hardinge Medical College,New Delhi,Delhi,https://www.lhmc.edu.in,,,,,,,,,,,,,unresolved,No first-party or government campus-address source was independently verified for this row in this research pass; the review URL is only a starting point. Keep unresolved rather than infer a district.
346,Christian Medical College Ludhiana,Ludhiana,Punjab,https://www.cmcludhiana.in,,,,,,,,,,,,,unresolved,No first-party or government campus-address source was independently verified for this row in this research pass; the review URL is only a starting point. Keep unresolved rather than infer a district.
347,Lotus Eye Hospital and Institute,Coimbatore,Tamil Nadu,https://www.lotuseyehospital.com,,,,,,,,,,,,,unresolved,No first-party or government campus-address source was independently verified for this row in this research pass; the review URL is only a starting point. Keep unresolved rather than infer a district.
348,Elite School of Optometry Chennai,Chennai,Tamil Nadu,https://www.sndt.edu.in,,,,,,,,,,,,,unresolved,No first-party or government campus-address source was independently verified for this row in this research pass; the review URL is only a starting point. Keep unresolved rather than infer a district.
349,LV Prasad Eye Institute,Hyderabad,Telangana,https://www.lvpei.org,,,,,,,,,,,,,unresolved,No first-party or government campus-address source was independently verified for this row in this research pass; the review URL is only a starting point. Keep unresolved rather than infer a district.
350,Bharati Vidyapeeth (Optometry),Pune,Maharashtra,https://www.bharatividyapeeth.edu,,,,,,,,,,,,,unresolved,No first-party or government campus-address source was independently verified for this row in this research pass; the review URL is only a starting point. Keep unresolved rather than infer a district.
352,IIT Bombay (ECE),Mumbai,Maharashtra,https://www.iitb.ac.in,https://iitb.ac.in/contact-us,"IIT Bombay mailing address: Powai, Mumbai 400076, Maharashtra.",,,,,,,,,,,unresolved,Official IIT Bombay source gives parent-institute mailing address only; it does not explicitly establish this department/centre record's campus or administrative district.
353,IIT Madras (ECE),Chennai,Tamil Nadu,https://www.iitm.ac.in,https://www.iitm.ac.in/contact,"Indian Institute of Technology Madras, IIT P.O., Chennai 600036.",,,,,,,,,,,unresolved,Official IIT Madras source gives parent-institute address only; it does not explicitly establish this department/programme record's campus or administrative district.
354,IIT Bombay (Mechanical),Mumbai,Maharashtra,https://www.iitb.ac.in,https://iitb.ac.in/contact-us,"IIT Bombay mailing address: Powai, Mumbai 400076, Maharashtra.",,,,,,,,,,,unresolved,Official IIT Bombay source gives parent-institute mailing address only; it does not explicitly establish this department/centre record's campus or administrative district.
355,IIT Madras (Mechanical),Chennai,Tamil Nadu,https://www.iitm.ac.in,https://www.iitm.ac.in/contact,"Indian Institute of Technology Madras, IIT P.O., Chennai 600036.",,,,,,,,,,,unresolved,Official IIT Madras source gives parent-institute address only; it does not explicitly establish this department/programme record's campus or administrative district.
356,IIT Bombay (Civil),Mumbai,Maharashtra,https://www.iitb.ac.in,https://iitb.ac.in/contact-us,"IIT Bombay mailing address: Powai, Mumbai 400076, Maharashtra.",,,,,,,,,,,unresolved,Official IIT Bombay source gives parent-institute mailing address only; it does not explicitly establish this department/centre record's campus or administrative district.
357,IIT Madras (Civil),Chennai,Tamil Nadu,https://www.iitm.ac.in,https://www.iitm.ac.in/contact,"Indian Institute of Technology Madras, IIT P.O., Chennai 600036.",,,,,,,,,,,unresolved,Official IIT Madras source gives parent-institute address only; it does not explicitly establish this department/programme record's campus or administrative district.
358,IIT Bombay (Chemical),Mumbai,Maharashtra,https://www.iitb.ac.in,https://iitb.ac.in/contact-us,"IIT Bombay mailing address: Powai, Mumbai 400076, Maharashtra.",,,,,,,,,,,unresolved,Official IIT Bombay source gives parent-institute mailing address only; it does not explicitly establish this department/centre record's campus or administrative district.
359,IIT Madras (Aerospace),Chennai,Tamil Nadu,https://www.iitm.ac.in,https://www.iitm.ac.in/contact,"Indian Institute of Technology Madras, IIT P.O., Chennai 600036.",,,,,,,,,,,unresolved,Official IIT Madras source gives parent-institute address only; it does not explicitly establish this department/programme record's campus or administrative district.
360,IIT Bombay (Aerospace),Mumbai,Maharashtra,https://www.iitb.ac.in,https://iitb.ac.in/contact-us,"IIT Bombay mailing address: Powai, Mumbai 400076, Maharashtra.",,,,,,,,,,,unresolved,Official IIT Bombay source gives parent-institute mailing address only; it does not explicitly establish this department/centre record's campus or administrative district.
361,Indian Institute of Space Science and Technology (IIST),Thiruvananthapuram,Kerala,https://www.iist.ac.in,,,,,,,,,,,,,unresolved,No first-party or government campus-address source was independently verified for this row in this research pass; the review URL is only a starting point. Keep unresolved rather than infer a district.
362,IIT Kharagpur (ECE),Kharagpur,West Bengal,https://www.iitkgp.ac.in,https://www.iitkgp.ac.in/,"IIT Kharagpur address: Kharagpur, India 721302.",,,,,,,,,,,unresolved,Official IIT Kharagpur source gives the parent institute postal address only; it does not explicitly establish this child department/school record's campus or administrative district.
363,IIT Delhi (Chemical),New Delhi,Delhi,https://www.iitd.ac.in,https://home.iitd.ac.in/contact.php,"IIT Delhi main campus: Hauz Khas, New Delhi 110016; source separately lists Sonipat campus at Rajiv Gandhi Education City, Kundli, Sonipat 131028.",,,,,,,,,,,unresolved,"Official IIT Delhi page lists the Hauz Khas and Sonipat campuses, but does not identify this record's campus or its administrative district."
364,Indian Institute of Petroleum Dehradun,Dehradun,Uttarakhand,https://www.iip.res.in,,,,,,,,,,,,,unresolved,No first-party or government campus-address source was independently verified for this row in this research pass; the review URL is only a starting point. Keep unresolved rather than infer a district.
365,IIT Guwahati (Biotech),Guwahati,Assam,https://www.iitg.ac.in,,,,,,,,,,,,,unresolved,No first-party or government campus-address source was independently verified for this row in this research pass; the review URL is only a starting point. Keep unresolved rather than infer a district.
366,Banaras Hindu University (Veterinary Science),Varanasi,Uttar Pradesh,https://www.bhu.ac.in,,,,,,,,,,,,,unresolved,No first-party or government campus-address source was independently verified for this row in this research pass; the review URL is only a starting point. Keep unresolved rather than infer a district.
367,Government Polytechnic Mumbai,Mumbai,Maharashtra,https://gpmumbai.ac.in,,,,,,,,,,,,,unresolved,No first-party or government campus-address source was independently verified for this row in this research pass; the review URL is only a starting point. Keep unresolved rather than infer a district.
368,PSG Polytechnic College,Coimbatore,Tamil Nadu,https://www.psgpolytech.ac.in,,,,,,,,,,,,,unresolved,No first-party or government campus-address source was independently verified for this row in this research pass; the review URL is only a starting point. Keep unresolved rather than infer a district.
369,Indian Institute of Management Calcutta,Kolkata,West Bengal,https://www.iimcal.ac.in,,,,,,,,,,,,,unresolved,No first-party or government campus-address source was independently verified for this row in this research pass; the review URL is only a starting point. Keep unresolved rather than infer a district.
370,Indian Institute of Management Bangalore,Bengaluru,Karnataka,https://www.iimb.ac.in,,,,,,,,,,,,,unresolved,No first-party or government campus-address source was independently verified for this row in this research pass; the review URL is only a starting point. Keep unresolved rather than infer a district.
371,Indian School of Business,Hyderabad,Telangana,https://www.isb.edu,,,,,,,,,,,,,unresolved,No first-party or government campus-address source was independently verified for this row in this research pass; the review URL is only a starting point. Keep unresolved rather than infer a district.
372,Indian Institute of Management Tiruchirappalli,Tiruchirappalli,Tamil Nadu,https://www.iimtrichy.ac.in,,,,,,,,,,,,,unresolved,No first-party or government campus-address source was independently verified for this row in this research pass; the review URL is only a starting point. Keep unresolved rather than infer a district.
374,Indian Institute of Technology Madras,Chennai,Tamil Nadu,https://www.iitm.ac.in,https://www.iitm.ac.in/contact,"Indian Institute of Technology Madras, IIT P.O., Chennai 600036.",government_institute_address,https://tribal.gov.in/writereaddata/sentionOrder/202301030442367343326Chennai.pdf,"Government of India grant form names Indian Institute of Technology Madras, IIT Madras Campus Post Office, Sardar Patel Road, Adyar; City/District Chennai, Tamil Nadu, PIN 600036.",,,,,High: first-party institute/campus address and independent government/official evidence establish the same physical campus and district/state.,Chennai,568,resolved,
375,Indian Institute of Technology Kharagpur,Kharagpur,West Bengal,https://www.iitkgp.ac.in,https://www.iitkgp.ac.in/,"IIT Kharagpur address: Kharagpur, India 721302.",government_institute_directory,https://master-dsir.digifootprint.gov.in/static/uploads/2025/10/9a3291e5a98935a2f7d222b9d127ab48.pdf,"Government DSIR directory lists IIT Kharagpur AI4ICPS I Hub Foundation at IIT-Kharagpur Campus, District Paschim Medinipore, West Bengal 721302.",,,,,High: first-party institute/campus address and independent government/official evidence establish the same physical campus and district/state.,Paschim Medinipur,318,resolved,
376,International Institute of Information Technology Bangalore,Bangalore,Karnataka,https://www.iiitb.ac.in,,,,,,,,,,,,,unresolved,No first-party or government campus-address source was independently verified for this row in this research pass; the review URL is only a starting point. Keep unresolved rather than infer a district.
377,Kerala Blockchain Academy,Thiruvananthapuram,Kerala,https://kba.ai,,,,,,,,,,,,,unresolved,No first-party or government campus-address source was independently verified for this row in this research pass; the review URL is only a starting point. Keep unresolved rather than infer a district.
379,International College of Financial Planning,New Delhi,Delhi,https://www.iifponline.com,,,,,,,,,,,,,unresolved,No first-party or government campus-address source was independently verified for this row in this research pass; the review URL is only a starting point. Keep unresolved rather than infer a district.
380,National Institute of Securities Markets,Rasayani,Maharashtra,https://www.nism.ac.in,,,,,,,,,,,,,unresolved,No first-party or government campus-address source was independently verified for this row in this research pass; the review URL is only a starting point. Keep unresolved rather than infer a district.
381,Indian Institute of Management Lucknow,Lucknow,Uttar Pradesh,https://www.iiml.ac.in,,,,,,,,,,,,,unresolved,No first-party or government campus-address source was independently verified for this row in this research pass; the review URL is only a starting point. Keep unresolved rather than infer a district.
382,Thadomal Shahani Centre for Management,Mumbai,Maharashtra,https://www.tscfm.org,,,,,,,,,,,,,unresolved,No first-party or government campus-address source was independently verified for this row in this research pass; the review URL is only a starting point. Keep unresolved rather than infer a district.
383,Pune Institute of Business Management,Pune,Maharashtra,https://www.pibm.in,,,,,,,,,,,,,unresolved,No first-party or government campus-address source was independently verified for this row in this research pass; the review URL is only a starting point. Keep unresolved rather than infer a district.
384,Symbiosis School of Sports Sciences,Pune,Maharashtra,https://www.symbiosis.ac.in,,,,,,,,,,,,,unresolved,No first-party or government campus-address source was independently verified for this row in this research pass; the review URL is only a starting point. Keep unresolved rather than infer a district.
385,Netaji Subhas National Institute of Sports,Patiala,Punjab,https://sportsauthorityofindia.nic.in,,,,,,,,,,,,,unresolved,No first-party or government campus-address source was independently verified for this row in this research pass; the review URL is only a starting point. Keep unresolved rather than infer a district.
386,National Academy of Sports Management,Mumbai,Maharashtra,https://www.nasm.org.in,,,,,,,,,,,,,unresolved,No first-party or government campus-address source was independently verified for this row in this research pass; the review URL is only a starting point. Keep unresolved rather than infer a district.
387,International Institute of Sports Management (IISM),Mumbai,Maharashtra,https://iismworld.com/,,,,,,,,,,,,,unresolved,No first-party or government campus-address source was independently verified for this row in this research pass; the review URL is only a starting point. Keep unresolved rather than infer a district.
388,K.J. Somaiya Institute of Management,Mumbai,Maharashtra,https://simsr.somaiya.edu,,,,,,,,,,,,,unresolved,No first-party or government campus-address source was independently verified for this row in this research pass; the review URL is only a starting point. Keep unresolved rather than infer a district.
389,National Law School of India University,Bengaluru,Karnataka,https://www.nls.ac.in,,,,,,,,,,,,,unresolved,No first-party or government campus-address source was independently verified for this row in this research pass; the review URL is only a starting point. Keep unresolved rather than infer a district.
392,National University of Advanced Legal Studies,Kochi,Kerala,http://www.nuals.ac.in,,,,,,,,,,,,,unresolved,No first-party or government campus-address source was independently verified for this row in this research pass; the review URL is only a starting point. Keep unresolved rather than infer a district.
393,"University School of Law and Legal Studies, GGSIPU",New Delhi,Delhi,https://www.ipu.ac.in,,,,,,,,,,,,,unresolved,No first-party or government campus-address source was independently verified for this row in this research pass; the review URL is only a starting point. Keep unresolved rather than infer a district.
394,National Sports University,Imphal,Manipur,https://www.nsu.ac.in,,,,,,,,,,,,,unresolved,No first-party or government campus-address source was independently verified for this row in this research pass; the review URL is only a starting point. Keep unresolved rather than infer a district.
395,Swarnim Gujarat Sports University,Gandhinagar,Gujarat,https://www.sgsu.ac.in,,,,,,,,,,,,,unresolved,No first-party or government campus-address source was independently verified for this row in this research pass; the review URL is only a starting point. Keep unresolved rather than infer a district.
396,Tamil Nadu Physical Education and Sports University,Chennai,Tamil Nadu,https://www.tnpesu.ac.in,,,,,,,,,,,,,unresolved,No first-party or government campus-address source was independently verified for this row in this research pass; the review URL is only a starting point. Keep unresolved rather than infer a district.
398,Guru Nanak Dev University,Amritsar,Punjab,https://www.gndu.ac.in,,,,,,,,,,,,,unresolved,No first-party or government campus-address source was independently verified for this row in this research pass; the review URL is only a starting point. Keep unresolved rather than infer a district.
399,K11 Fitness Academy,Mumbai,Maharashtra,https://www.k11academy.com,,,,,,,,,,,,,unresolved,No first-party or government campus-address source was independently verified for this row in this research pass; the review URL is only a starting point. Keep unresolved rather than infer a district.
400,ACFIT Academy (NASM India Partner),Mumbai,Maharashtra,https://www.acfit.in,,,,,,,,,,,,,unresolved,No first-party or government campus-address source was independently verified for this row in this research pass; the review URL is only a starting point. Keep unresolved rather than infer a district.
401,Integrated Fitness and Sports Institute (IFSI),Mumbai,Maharashtra,https://www.ifsi.in,,,,,,,,,,,,,unresolved,No first-party or government campus-address source was independently verified for this row in this research pass; the review URL is only a starting point. Keep unresolved rather than infer a district.
402,Classic Fitness Academy,Mumbai,Maharashtra,https://www.classicfitnessacademy.com,,,,,,,,,,,,,unresolved,No first-party or government campus-address source was independently verified for this row in this research pass; the review URL is only a starting point. Keep unresolved rather than infer a district.
403,International Institute of Fitness Excellence and Management (IIFEM),New Delhi,Delhi,https://www.iifem.com/,,,,,,,,,,,,,unresolved,No first-party or government campus-address source was independently verified for this row in this research pass; the review URL is only a starting point. Keep unresolved rather than infer a district.
404,Frankfinn Institute of Air Hostess Training,New Delhi,Delhi,https://www.frankfinn.com,,,,,,,,,,,,,unresolved,No first-party or government campus-address source was independently verified for this row in this research pass; the review URL is only a starting point. Keep unresolved rather than infer a district.
406,Avalon Aviation Academy,Mumbai,Maharashtra,https://www.avalonaviation.in,,,,,,,,,,,,,unresolved,No first-party or government campus-address source was independently verified for this row in this research pass; the review URL is only a starting point. Keep unresolved rather than infer a district.
407,Aptech Aviation Academy,Mumbai,Maharashtra,https://www.aptechaviation.com,,,,,,,,,,,,,unresolved,No first-party or government campus-address source was independently verified for this row in this research pass; the review URL is only a starting point. Keep unresolved rather than infer a district.
408,School of Aeronautics,New Delhi,Delhi,https://www.schoolofaeronautics.in,,,,,,,,,,,,,unresolved,No first-party or government campus-address source was independently verified for this row in this research pass; the review URL is only a starting point. Keep unresolved rather than infer a district.
409,"Rajiv Gandhi School of Intellectual Property Law, IIT Kharagpur",Kharagpur,West Bengal,https://www.iitkgp.ac.in/department/IP,https://www.iitkgp.ac.in/,"IIT Kharagpur address: Kharagpur, India 721302.",,,,,,,,,,,unresolved,Official IIT Kharagpur source gives the parent institute postal address only; it does not explicitly establish this child department/school record's campus or administrative district.
412,National Institute for Empowerment of Persons with Multiple Disabilities,Chennai,Tamil Nadu,https://niepmd.nic.in,,,,,,,,,,,,,unresolved,No first-party or government campus-address source was independently verified for this row in this research pass; the review URL is only a starting point. Keep unresolved rather than infer a district.
413,Ali Yavar Jung National Institute of Speech and Hearing Disabilities,Mumbai,Maharashtra,https://ayjnishd.nic.in,,,,,,,,,,,,,unresolved,No first-party or government campus-address source was independently verified for this row in this research pass; the review URL is only a starting point. Keep unresolved rather than infer a district.
414,Jamia Millia Islamia - Department of Educational Studies,New Delhi,Delhi,https://www.jmi.ac.in,,,,,,,,,,,,,unresolved,No first-party or government campus-address source was independently verified for this row in this research pass; the review URL is only a starting point. Keep unresolved rather than infer a district.
415,SNDT Women's University,Mumbai,Maharashtra,https://www.sndt.edu.in,,,,,,,,,,,,,unresolved,No first-party or government campus-address source was independently verified for this row in this research pass; the review URL is only a starting point. Keep unresolved rather than infer a district.
416,Banaras Hindu University - Faculty of Education,Varanasi,Uttar Pradesh,https://www.bhu.ac.in,,,,,,,,,,,,,unresolved,No first-party or government campus-address source was independently verified for this row in this research pass; the review URL is only a starting point. Keep unresolved rather than infer a district.
419,Amity Institute of Psychology and Allied Sciences,Noida,Uttar Pradesh,https://www.amity.edu,,,,,,,,,,,,,unresolved,No first-party or government campus-address source was independently verified for this row in this research pass; the review URL is only a starting point. Keep unresolved rather than infer a district.
420,Jamia Millia Islamia - Department of Psychology,New Delhi,Delhi,https://www.jmi.ac.in,,,,,,,,,,,,,unresolved,No first-party or government campus-address source was independently verified for this row in this research pass; the review URL is only a starting point. Keep unresolved rather than infer a district.
421,Christ University - Department of Psychology,Bengaluru,Karnataka,https://christuniversity.in,,,,,,,,,,,,,unresolved,No first-party or government campus-address source was independently verified for this row in this research pass; the review URL is only a starting point. Keep unresolved rather than infer a district.
423,"Industrial Design Centre (IDC), IIT Bombay",Mumbai,Maharashtra,https://www.idc.iitb.ac.in,https://iitb.ac.in/contact-us,"IIT Bombay mailing address: Powai, Mumbai 400076, Maharashtra.",,,,,,,,,,,unresolved,Official IIT Bombay source gives parent-institute mailing address only; it does not explicitly establish this department/centre record's campus or administrative district.
424,Whistling Woods International,Mumbai,Maharashtra,https://www.whistlingwoods.net,,,,,,,,,,,,,unresolved,No first-party or government campus-address source was independently verified for this row in this research pass; the review URL is only a starting point. Keep unresolved rather than infer a district.
426,MIT Institute of Design,Pune,Maharashtra,https://www.mitid.edu.in,,,,,,,,,,,,,unresolved,No first-party or government campus-address source was independently verified for this row in this research pass; the review URL is only a starting point. Keep unresolved rather than infer a district.
427,Centurion Defence Academy,Lucknow,Uttar Pradesh,https://www.centuriondefence.in,,,,,,,,,,,,,unresolved,No first-party or government campus-address source was independently verified for this row in this research pass; the review URL is only a starting point. Keep unresolved rather than infer a district.
428,Doon Defence Academy,Dehradun,Uttarakhand,https://www.doondefenceacademy.com,,,,,,,,,,,,,unresolved,No first-party or government campus-address source was independently verified for this row in this research pass; the review URL is only a starting point. Keep unresolved rather than infer a district.
429,Delta Defence Academy,Dehradun,Uttarakhand,https://www.deltadefenceacademy.com,,,,,,,,,,,,,unresolved,No first-party or government campus-address source was independently verified for this row in this research pass; the review URL is only a starting point. Keep unresolved rather than infer a district.
430,Target Defence Academy,Lucknow,Uttar Pradesh,https://www.targetdefenceacademy.com,,,,,,,,,,,,,unresolved,No first-party or government campus-address source was independently verified for this row in this research pass; the review URL is only a starting point. Keep unresolved rather than infer a district.
431,Trident Academy,Pune,Maharashtra,https://www.tridentacademy.in,,,,,,,,,,,,,unresolved,No first-party or government campus-address source was independently verified for this row in this research pass; the review URL is only a starting point. Keep unresolved rather than infer a district.
432,SAFAL Academy,New Delhi,Delhi,https://www.safalacademy.com,,,,,,,,,,,,,unresolved,No first-party or government campus-address source was independently verified for this row in this research pass; the review URL is only a starting point. Keep unresolved rather than infer a district.
435,Jindal Global Law School,Sonipat,Haryana,https://jgls.edu.in,,,,,,,,,,,,,unresolved,No first-party or government campus-address source was independently verified for this row in this research pass; the review URL is only a starting point. Keep unresolved rather than infer a district.
442,Indian Institute of Technology Kanpur,Kanpur,Uttar Pradesh,https://www.iitk.ac.in,https://www.iitk.ac.in/public-information,"IIT Kanpur, Kalyanpur, Kanpur 208016, Uttar Pradesh (address for Registrar/CPIO; page says matters cover institute departments/centres).",government_institute_directory,https://master-dsir.digifootprint.gov.in/static/uploads/2025/10/9a3291e5a98935a2f7d222b9d127ab48.pdf,"Government DSIR directory lists IHUB NTIHAC Foundation at C3i Building, IIT-Kanpur Campus, Kalyanpur, Kanpur Nagar 208016, Uttar Pradesh.",,,,,High: first-party institute/campus address and independent government/official evidence establish the same physical campus and district/state.,Kanpur Nagar,157,resolved,
444,Indian Institute of Technology Bombay,Mumbai,Maharashtra,https://www.iitb.ac.in,https://iitb.ac.in/contact-us,"IIT Bombay mailing address: Powai, Mumbai 400076, Maharashtra.",official_postal_lookup,https://www.indiapost.gov.in/VAS/Pages/LocatePostOffices.aspx?Pin=Uc4+3GEdajI%3D,"India Post Locate Post Offices result for PIN 400076: Powai IIT SO; location Mumbai Suburban district, Maharashtra State.",https://www.indiapost.gov.in/VAS/Pages/LocatePostOffices.aspx?Pin=Uc4+3GEdajI%3D,Powai IIT SO,Mumbai Suburban,Maharashtra,"High: IIT Bombay first-party address gives Powai, Mumbai 400076; India Post returns Powai IIT SO at that PIN in Mumbai Suburban district, Maharashtra.",Mumbai Suburban,483,resolved,
450,Bennett University,Greater Noida,Uttar Pradesh,https://www.bennett.edu.in,,,,,,,,,,,,,unresolved,No first-party or government campus-address source was independently verified for this row in this research pass; the review URL is only a starting point. Keep unresolved rather than infer a district.
451,SRM Institute of Science and Technology,Chennai,Tamil Nadu,https://www.srmist.edu.in,,,,,,,,,,,,,unresolved,No first-party or government campus-address source was independently verified for this row in this research pass; the review URL is only a starting point. Keep unresolved rather than infer a district.
452,IIT Kanpur - E&ICT Academy,Kanpur,Uttar Pradesh,https://www.iitk.ac.in,,,,,,,,,,,,,unresolved,No first-party or government campus-address source was independently verified for this row in this research pass; the review URL is only a starting point. Keep unresolved rather than infer a district.
455,IIT Guwahati - Centre for Drone Technology,Guwahati,Assam,https://www.iitg.ac.in,,,,,,,,,,,,,unresolved,No first-party or government campus-address source was independently verified for this row in this research pass; the review URL is only a starting point. Keep unresolved rather than infer a district.
456,IITRAM Ahmedabad,Ahmedabad,Gujarat,https://www.iitram.ac.in,,,,,,,,,,,,,unresolved,No first-party or government campus-address source was independently verified for this row in this research pass; the review URL is only a starting point. Keep unresolved rather than infer a district.
457,Vel Tech Chennai,Chennai,Tamil Nadu,https://www.veltech.edu.in,,,,,,,,,,,,,unresolved,No first-party or government campus-address source was independently verified for this row in this research pass; the review URL is only a starting point. Keep unresolved rather than infer a district.
458,Indian Institute of Drone Technology (IIDT),Sehore,Madhya Pradesh,https://www.iidt.edu.in,,,,,,,,,,,,,unresolved,No first-party or government campus-address source was independently verified for this row in this research pass; the review URL is only a starting point. Keep unresolved rather than infer a district.
459,Presidency University,Bangalore,Karnataka,https://presidencyuniversity.in,,,,,,,,,,,,,unresolved,No first-party or government campus-address source was independently verified for this row in this research pass; the review URL is only a starting point. Keep unresolved rather than infer a district.
460,IIT Madras - CBEEV,Chennai,Tamil Nadu,https://www.iitm.ac.in,https://www.iitm.ac.in/contact,"Indian Institute of Technology Madras, IIT P.O., Chennai 600036.",,,,,,,,,,,unresolved,Official IIT Madras source gives parent-institute address only; it does not explicitly establish this department/programme record's campus or administrative district.
461,IIT Delhi - CART,New Delhi,Delhi,https://www.iitd.ac.in,https://home.iitd.ac.in/contact.php,"IIT Delhi main campus: Hauz Khas, New Delhi 110016; source separately lists Sonipat campus at Rajiv Gandhi Education City, Kundli, Sonipat 131028.",,,,,,,,,,,unresolved,"Official IIT Delhi page lists the Hauz Khas and Sonipat campuses, but does not identify this record's campus or its administrative district."
462,National Institute of Technology Calicut,Kozhikode,Kerala,https://www.nitc.ac.in,,,,,,,,,,,,,unresolved,No first-party or government campus-address source was independently verified for this row in this research pass; the review URL is only a starting point. Keep unresolved rather than infer a district.
463,Delhi Technological University,New Delhi,Delhi,https://www.dtu.ac.in,,,,,,,,,,,,,unresolved,No first-party or government campus-address source was independently verified for this row in this research pass; the review URL is only a starting point. Keep unresolved rather than infer a district.
464,Chandigarh University,Mohali,Punjab,https://www.cuchd.in,,,,,,,,,,,,,unresolved,No first-party or government campus-address source was independently verified for this row in this research pass; the review URL is only a starting point. Keep unresolved rather than infer a district.
465,IIT Bombay - Department of Energy Science and Engineering,Mumbai,Maharashtra,https://www.iitb.ac.in,https://iitb.ac.in/contact-us,"IIT Bombay mailing address: Powai, Mumbai 400076, Maharashtra.",,,,,,,,,,,unresolved,Official IIT Bombay source gives parent-institute mailing address only; it does not explicitly establish this department/centre record's campus or administrative district.
466,National Institute of Solar Energy (NISE),Gurugram,Haryana,https://www.nise.res.in,,,,,,,,,,,,,unresolved,No first-party or government campus-address source was independently verified for this row in this research pass; the review URL is only a starting point. Keep unresolved rather than infer a district.
467,TERI School of Advanced Studies,New Delhi,Delhi,https://www.teri.res.in,,,,,,,,,,,,,unresolved,No first-party or government campus-address source was independently verified for this row in this research pass; the review URL is only a starting point. Keep unresolved rather than infer a district.
468,Indian Institute of Technology Roorkee,Roorkee,Uttarakhand,https://www.iitr.ac.in,,,,,,,,,,,,,unresolved,No first-party or government campus-address source was independently verified for this row in this research pass; the review URL is only a starting point. Keep unresolved rather than infer a district.
469,Garuda Aerospace RPTO,Chennai,Tamil Nadu,https://www.garudaaerospace.com,,,,,,,,,,,,,unresolved,No first-party or government campus-address source was independently verified for this row in this research pass; the review URL is only a starting point. Keep unresolved rather than infer a district.
471,Pavaman Aviation RPTO,Hyderabad,Telangana,https://www.pavamanaero.com,,,,,,,,,,,,,unresolved,No first-party or government campus-address source was independently verified for this row in this research pass; the review URL is only a starting point. Keep unresolved rather than infer a district.
472,Berry Avionics RPTO,Pune,Maharashtra,https://www.berryavionics.com,,,,,,,,,,,,,unresolved,No first-party or government campus-address source was independently verified for this row in this research pass; the review URL is only a starting point. Keep unresolved rather than infer a district.
473,DroneAcharya RPTO at IIT Ropar,Ropar,Punjab,https://www.droneacharya.com,,,,,,,,,,,,,unresolved,No first-party or government campus-address source was independently verified for this row in this research pass; the review URL is only a starting point. Keep unresolved rather than infer a district.
477,IIT Kharagpur - Agricultural & Food Engineering,Kharagpur,West Bengal,https://www.iitkgp.ac.in,https://www.iitkgp.ac.in/,"IIT Kharagpur address: Kharagpur, India 721302.",,,,,,,,,,,unresolved,Official IIT Kharagpur source gives the parent institute postal address only; it does not explicitly establish this child department/school record's campus or administrative district.
478,MANAGE Hyderabad,Hyderabad,Telangana,https://www.manage.gov.in,,,,,,,,,,,,,unresolved,No first-party or government campus-address source was independently verified for this row in this research pass; the review URL is only a starting point. Keep unresolved rather than infer a district.
479,IIM Lucknow - PGP-SM,Noida,Uttar Pradesh,https://www.iiml.ac.in,,,,,,,,,,,,,unresolved,No first-party or government campus-address source was independently verified for this row in this research pass; the review URL is only a starting point. Keep unresolved rather than infer a district.
480,Indian Institute of Corporate Affairs (IICA),Manesar,Haryana,https://www.iica.in,,,,,,,,,,,,,unresolved,No first-party or government campus-address source was independently verified for this row in this research pass; the review URL is only a starting point. Keep unresolved rather than infer a district.
483,TERI - The Energy and Resources Institute,New Delhi,Delhi,https://www.teri.res.in,,,,,,,,,,,,,unresolved,No first-party or government campus-address source was independently verified for this row in this research pass; the review URL is only a starting point. Keep unresolved rather than infer a district.
484,Indian Green Building Council (IGBC),Hyderabad,Telangana,https://www.igbc.in,,,,,,,,,,,,,unresolved,No first-party or government campus-address source was independently verified for this row in this research pass; the review URL is only a starting point. Keep unresolved rather than infer a district.
