institute_id,institute_name,original_city,original_district,original_state,review_source_url,first_party_source_url,address_evidence,district_state_evidence_type,district_state_evidence_url,district_state_evidence,postal_lookup_source_url,postal_returned_post_office,postal_returned_district,postal_returned_state,confidence_notes,proposed_lgd_district,lgd_district_id,resolution_status,unresolved_reason
4,VIT,Vellore,,Tamil Nadu,https://vit.ac.in,https://vit.ac.in/vit-privacy-policy,"VIT Vellore Campus, Thiruvalum–Katpadi Road, Vellore 632014, Tamil Nadu; same source also lists Chennai Campus.",,,,,,,,,,,unresolved,"Official source confirms a Vellore campus postal address, but no administrative district is named; it also confirms multiple campuses."
10,IIT Kanpur (Cyber Security),Kanpur,,Uttar Pradesh,https://www.iitk.ac.in,https://www.iitk.ac.in/public-information,"IIT Kanpur, Kalyanpur, Kanpur 208016, Uttar Pradesh (address for Registrar/CPIO; page says matters cover institute departments/centres).",,,,,,,,,,,unresolved,Official IIT Kanpur source gives the parent institute address and says its remit includes departments/centres; it does not identify this child record's campus or administrative district.
11,CDAC,Pune,,Maharashtra,https://www.cdac.in,https://www.cdac.in/index.aspx?id=print_page&print=contact,"C-DAC contact page lists Pune University Campus, Ganesh Khind, Pune 411007 and C-DAC Innovation Park, Panchavati, Pashan, Pune 411008; it lists many other city centres.",,,,,,,,,,,unresolved,"Official source lists multiple C-DAC offices/centres and two Pune addresses; this generic record does not identify which campus, and no district is stated."
12,National Institute of Technology Tiruchirappalli,Tiruchirappalli,,Tamil Nadu,https://www.nitt.edu,https://www.nitt.edu/home/administration/registrar/,"National Institute of Technology, Tiruchirappalli 620015, Tamil Nadu (Registrar correspondence address).",government_directory,https://www.mospi.gov.in/sites/default/files/economic-census/Directories_of_Establishment/tamilnadu_u.pdf,"Government of India MOSPI establishment directory identifies the section as District Tiruchirappalli, Tamil Nadu and lists NATIONAL INSTITUTE OF TECHNOLOGY TIRUCHIRAPPALLI, PIN 620015.",,,,,High: first-party institute/campus address and independent government/official evidence establish the same physical campus and district/state.,Tiruchirappalli,591,resolved_explicit,
14,Drishti IAS,New Delhi,,Delhi,https://www.drishtiias.com,https://www.drishtiias.com/drishti-special/about-us/about-us/general-introduction,"Official introduction lists Delhi centres at 641, First Floor, Dr. Mukherjee Nagar, Delhi 110009 and 21 Pusa Road, Karol Bagh, New Delhi 110005; also lists centres in other states.",,,,,,,,,,,unresolved,"Official source confirms multiple Delhi centres, but this generic row does not select one and no administrative district is stated."
15,Vision IAS,New Delhi,,Delhi,https://www.visionias.in,https://visionias.in/samarth/center.php,Official centre page lists Delhi addresses in Karol Bagh and Mukherjee Nagar and centres in multiple cities.,,,,,,,,,,,unresolved,"Official source confirms multiple Delhi centres, but this generic row does not select one and no administrative district is stated."
16,Vajiram & Ravi,New Delhi,,Delhi,https://www.vajiramandravi.com,,,,,,,,,,,,,unresolved,No first-party or government campus-address source was independently verified for this row in this research pass; the review URL is only a starting point. Keep unresolved rather than infer a district.
19,Navkar Institute,Ahmedabad,,Gujarat,https://www.navkarinstitute.com,,,,,,,,,,,,,unresolved,No first-party or government campus-address source was independently verified for this row in this research pass; the review URL is only a starting point. Keep unresolved rather than infer a district.
20,VG Learning Destination,New Delhi,,Delhi,https://vgld.in,,,,,,,,,,,,,unresolved,No first-party or government campus-address source was independently verified for this row in this research pass; the review URL is only a starting point. Keep unresolved rather than infer a district.
21,All India Institute of Medical Sciences New Delhi,New Delhi,,Delhi,https://www.aiims.edu,https://aiims.edu/index.php/en/address-location-directions,"AIIMS address page gives Ansari Nagar, New Delhi 110029; postal address for Rajendra Prasad Centre for Ophthalmic Sciences is also listed.",government_address_directory,https://ipc.gov.in/images/mvpi/List-of-725-MDMCs.pdf,"Government IPC list identifies All India Institute of Medical Sciences (AIIMS), Ansari Nagar East, Gautam Nagar, New Delhi 110029; district South West Delhi; Delhi.",,,,,High: first-party institute/campus address and independent government/official evidence establish the same physical campus and district/state.,South West,84,resolved_explicit,
23,CMC Vellore,Vellore,,Tamil Nadu,https://www.cmch-vellore.edu,,,,,,,,,,,,,unresolved,No first-party or government campus-address source was independently verified for this row in this research pass; the review URL is only a starting point. Keep unresolved rather than infer a district.
24,Jawaharlal Institute of Postgraduate Medical Education and Research,Puducherry,,Puducherry,https://jipmer.edu.in,https://jipmer.edu.in/academics/contact,"JIPMER Academic Section postal address: Academic Centre, Dhanvantri Nagar P.O., Puducherry 605006.",government_district_document,https://revenue.py.gov.in/downloads/dm/DDMP%20Vol-II%202024.pdf,"Puducherry District Disaster Management Plan 2024 Vol II lists JIPMER at Dhanvantri Nagar, Gorimedu, Puducherry 605006 under the Puducherry District section.",,,,,High: first-party institute/campus address and independent government/official evidence establish the same physical campus and district/state.,Puducherry,600,resolved_explicit,
25,Indira Gandhi Rashtriya Uran Akademi,Fursatganj,,Uttar Pradesh,https://igrua.gov.in,,,,,,,,,,,,,unresolved,No first-party or government campus-address source was independently verified for this row in this research pass; the review URL is only a starting point. Keep unresolved rather than infer a district.
26,Bombay Flying Club,Mumbai,,Maharashtra,https://www.bombayfc.com,,,,,,,,,,,,,unresolved,No first-party or government campus-address source was independently verified for this row in this research pass; the review URL is only a starting point. Keep unresolved rather than infer a district.
27,National Flying Training Institute,Gondia,,Maharashtra,https://nfti.aviation.gov.in,,,,,,,,,,,,,unresolved,No first-party or government campus-address source was independently verified for this row in this research pass; the review URL is only a starting point. Keep unresolved rather than infer a district.
29,National Institute of Design Ahmedabad,Ahmedabad,,Gujarat,https://www.nid.edu,,,,,,,,,,,,,unresolved,No first-party or government campus-address source was independently verified for this row in this research pass; the review URL is only a starting point. Keep unresolved rather than infer a district.
30,Pearl Academy,New Delhi,,Delhi,https://www.pearlacademy.com,,,,,,,,,,,,,unresolved,No first-party or government campus-address source was independently verified for this row in this research pass; the review URL is only a starting point. Keep unresolved rather than infer a district.
31,Symbiosis Institute of Design Pune,Pune,,Maharashtra,https://sid.edu.in,,,,,,,,,,,,,unresolved,No first-party or government campus-address source was independently verified for this row in this research pass; the review URL is only a starting point. Keep unresolved rather than infer a district.
38,SP Jain Mumbai,Mumbai,,Maharashtra,https://www.spjimr.org,,,,,,,,,,,,,unresolved,No first-party or government campus-address source was independently verified for this row in this research pass; the review URL is only a starting point. Keep unresolved rather than infer a district.
48,XLRI,Jamshedpur,,Jharkhand,https://www.xlri.ac.in,https://www.xlri.ac.in/,"XLRI, C.H. Area (East), Jamshedpur 831001, Jharkhand.",,,,,,,,,,,unresolved,Official source confirms the Jamshedpur campus postal address but does not explicitly name the administrative district.
49,National Institute of Mental Health and Neuro Sciences,Bengaluru,,Karnataka,https://nimhans.ac.in,,,,,,,,,,,,,unresolved,No first-party or government campus-address source was independently verified for this row in this research pass; the review URL is only a starting point. Keep unresolved rather than infer a district.
51,University of Delhi,Delhi,,Delhi,http://www.du.ac.in,https://www.du.ac.in/index.php?cid=314&fmember=3051&id=270,"University of Delhi lists North Campus, Delhi 110007 and South Campus, Benito Juarez Marg, South Moti Bagh, New Delhi 110021.",,,,,,,,,,,unresolved,Official university source confirms multiple campuses; generic row does not select a campus and no address names an administrative district.
55,Indian Statistical Institute,Kolkata,,West Bengal,https://www.isical.ac.in,https://www.isical.ac.in/Events/node/about/about-institute?date=2026-02&page=1,"ISI describes Kolkata headquarters at 203 Barrackpore Trunk Road, Kolkata 700108 and separately lists Bengaluru, Delhi, Chennai, Tezpur centres and a Giridih branch.",,,,,,,,,,,unresolved,"Official source documents several locations; the generic institute record does not select a campus, and the address does not name an administrative district."
56,Chennai Mathematical Institute,Chennai,,Tamil Nadu,https://www.cmi.ac.in,https://www.cmi.ac.in/admissions/2025/ds-admission-details-2025.pdf,"CMI admission document says campus is inside SIPCOT IT Park, Siruseri, on OMR, on Chennai city outskirts.",,,,,,,,,,,unresolved,Official source places campus at Siruseri rather than simply Chennai but does not state the administrative district; no city-based inference made.
57,IIT Bombay (Mathematics),Mumbai,,Maharashtra,https://www.math.iitb.ac.in,https://iitb.ac.in/contact-us,"IIT Bombay mailing address: Powai, Mumbai 400076, Maharashtra.",,,,,,,,,,,unresolved,Official IIT Bombay source gives parent-institute mailing address only; it does not explicitly establish this department/centre record's campus or administrative district.
58,IIT Madras (Mathematics),Chennai,,Tamil Nadu,https://math.iitm.ac.in,https://www.iitm.ac.in/contact,"Indian Institute of Technology Madras, IIT P.O., Chennai 600036.",,,,,,,,,,,unresolved,Official IIT Madras source gives parent-institute address only; it does not explicitly establish this department/programme record's campus or administrative district.
59,University of Hyderabad,Hyderabad,,Telangana,http://www.uohyd.ac.in,https://uohyd.ac.in/contact-us/,"University of Hyderabad, Prof. CR Rao Road, Gachibowli, Hyderabad 500046, Telangana.",government_institute_directory,https://par.ncte.gov.in/website/RecognizedInstitutionLists.aspx?cid=GcVdarmelvwnGc8nIOj8VQ%3D%3D&regionid=4&state=TELANGANA&stateid=fB0mxxuMEU1j9u3ylEYQoQ%3D%3D,"NCTE government recognized-institution record names University of Hyderabad and gives Gachibowli Village, Prof. C.R. Rao Road, Serilingampally Mandal, Hyderabad Taluk, Rangareddy District 500046, Telangana.",,,,,High: first-party institute/campus address and independent government/official evidence establish the same physical campus and district/state.,Ranga Reddy,518,resolved_explicit,
60,Institute of Actuaries of India,Navi Mumbai,,Maharashtra,https://www.actuariesindia.org,,,,,,,,,,,,,unresolved,No first-party or government campus-address source was independently verified for this row in this research pass; the review URL is only a starting point. Keep unresolved rather than infer a district.
61,IGNOU (Actuarial Science),New Delhi,,Delhi,https://www.ignou.ac.in,,,,,,,,,,,,,unresolved,No first-party or government campus-address source was independently verified for this row in this research pass; the review URL is only a starting point. Keep unresolved rather than infer a district.
62,Amity University (Actuarial Science),Noida,,Uttar Pradesh,https://www.amity.edu,,,,,,,,,,,,,unresolved,No first-party or government campus-address source was independently verified for this row in this research pass; the review URL is only a starting point. Keep unresolved rather than infer a district.
63,Bishop Heber College,Tiruchirappalli,,Tamil Nadu,https://www.bishopheber.ac.in,,,,,,,,,,,,,unresolved,No first-party or government campus-address source was independently verified for this row in this research pass; the review URL is only a starting point. Keep unresolved rather than infer a district.
64,IIT Kanpur (Mathematics),Kanpur,,Uttar Pradesh,https://www.iitk.ac.in/math,https://www.iitk.ac.in/public-information,"IIT Kanpur, Kalyanpur, Kanpur 208016, Uttar Pradesh (address for Registrar/CPIO; page says matters cover institute departments/centres).",,,,,,,,,,,unresolved,Official IIT Kanpur source gives the parent institute address and says its remit includes departments/centres; it does not identify this child record's campus or administrative district.
65,Indian Institute of Science,Bengaluru,,Karnataka,https://www.iisc.ac.in,https://www.iisc.ac.in/locations/indian-institute-of-science/,"IISc location page lists Malleshwaram, Bangalore, Karnataka 560012, India.",government_institute_address,https://www.indiascienceandtechnology.gov.in/research/structure-dynamics-solvation-and-chemical-reactivity-higher-valent-metal-ions-ca-zn-mg-al-and-their?field_area_id=All,"Government ISTI/DST record associates IISc with CV Raman Road, Bengaluru Urban 560012; the institute first-party location page identifies its Bengaluru campus and the matching 560012 PIN.",,,,,High: first-party institute/campus address and independent government/official evidence establish the same physical campus and district/state.,Bengaluru Urban,525,resolved_explicit,
66,Presidency University Kolkata,Kolkata,,West Bengal,https://www.presiuniv.ac.in,https://www.presiuniv.ac.in/web/contact.php,"Presidency University lists main campus at 86/1 College Street, Kolkata 700073 and second campus at New Town, Kolkata 700156.",,,,,,,,,,,unresolved,Official source confirms two campuses; generic row does not specify which and neither address names an administrative district.
67,Institute of Chartered Accountants of India,New Delhi,,Delhi,https://www.icai.org,,,,,,,,,,,,,unresolved,No first-party or government campus-address source was independently verified for this row in this research pass; the review URL is only a starting point. Keep unresolved rather than infer a district.
68,Institute of Cost Accountants of India,Kolkata,,West Bengal,https://icmai.in,,,,,,,,,,,,,unresolved,No first-party or government campus-address source was independently verified for this row in this research pass; the review URL is only a starting point. Keep unresolved rather than infer a district.
69,Shri Ram College of Commerce (SRCC),New Delhi,,Delhi,https://www.srcc.edu,https://www.srcc.edu/contact-us,"SRCC address: University of Delhi, North Campus, Maurice Nagar, Delhi 110007; page says college is situated in DU North Campus.",official_postal_lookup,https://www.indiapost.gov.in/Financial/DOP_PDFFiles/imtListWU.pdf,"India Post postal directory row: DELHI UNIVERSITY POST OFFICE, inside Delhi University Campus DU North Campus, Delhi, North Delhi, Delhi, PIN 110007. Same PIN rows shown for this area are also in North Delhi.",https://www.indiapost.gov.in/Financial/DOP_PDFFiles/imtListWU.pdf,Delhi University Post Office (inside Delhi University Campus DU North Campus),North Delhi,Delhi,"High: SRCC first-party address names Maurice Nagar, DU North Campus, PIN 110007; India Post identifies the Delhi University Campus DU North Campus post office at that PIN in North Delhi, Delhi. Mapped postal label North Delhi to LGD canonical North (80).",North,80,resolved_explicit,
70,Loyola College,Chennai,,Tamil Nadu,https://www.loyolacollege.edu,,,,,,,,,,,,,unresolved,No first-party or government campus-address source was independently verified for this row in this research pass; the review URL is only a starting point. Keep unresolved rather than infer a district.
71,St. Xaviers College,Mumbai,,Maharashtra,https://xaviers.edu,https://xaviers.edu/more/,"St. Xavier’s College, 5 Mahapalika Marg, Mumbai, Maharashtra 400001.",,,,,,,,,,,unresolved,Official college source confirms campus postal address but does not explicitly name the administrative district.
72,Narsee Monjee College of Commerce and Economics,Mumbai,,Maharashtra,https://www.nmmcms.ac.in,,,,,,,,,,,,,unresolved,No first-party or government campus-address source was independently verified for this row in this research pass; the review URL is only a starting point. Keep unresolved rather than infer a district.
73,Christ University,Bangalore,,Karnataka,https://www.christuniversity.in,https://christuniversity.in/application-queries,"CHRIST source lists Central Campus at Hosur Road, Bengaluru 560029; Bannerghatta Road campus at Hulimavu, Bengaluru 560076; Kengeri campus at Kumbalgodu, Bengaluru 560074.",,,,,,,,,,,unresolved,Official source confirms several Bengaluru campuses; generic row does not specify which and no address names an administrative district.
74,Symbiosis College of Arts and Commerce,Pune,,Maharashtra,https://www.symbiosiscollege.edu.in,,,,,,,,,,,,,unresolved,No first-party or government campus-address source was independently verified for this row in this research pass; the review URL is only a starting point. Keep unresolved rather than infer a district.
75,Lady Shri Ram College for Women,New Delhi,,Delhi,https://www.lsr.edu.in,,,,,,,,,,,,,unresolved,No first-party or government campus-address source was independently verified for this row in this research pass; the review URL is only a starting point. Keep unresolved rather than infer a district.
76,St. Josephs College of Commerce,Bangalore,,Karnataka,https://www.sjcc.edu.in,,,,,,,,,,,,,unresolved,No first-party or government campus-address source was independently verified for this row in this research pass; the review URL is only a starting point. Keep unresolved rather than infer a district.
77,Hans Raj College,New Delhi,,Delhi,https://www.hansrajcollege.ac.in,,,,,,,,,,,,,unresolved,No first-party or government campus-address source was independently verified for this row in this research pass; the review URL is only a starting point. Keep unresolved rather than infer a district.
78,Presidency College,Chennai,,Tamil Nadu,https://www.presidencycollege.ac.in,,,,,,,,,,,,,unresolved,No first-party or government campus-address source was independently verified for this row in this research pass; the review URL is only a starting point. Keep unresolved rather than infer a district.
79,Institute of Company Secretaries of India,New Delhi,,Delhi,https://www.icsi.edu,,,,,,,,,,,,,unresolved,No first-party or government campus-address source was independently verified for this row in this research pass; the review URL is only a starting point. Keep unresolved rather than infer a district.
80,Indian Institute of Management Ahmedabad,Ahmedabad,,Gujarat,https://www.iima.ac.in,https://iima.ac.in/the-institute/campus/connect-with-us,"Indian Institute of Management Ahmedabad, Vastrapur, Ahmedabad, Gujarat 380015.",,,,,,,,,,,unresolved,Official campus page confirms postal address but does not explicitly name the administrative district.
83,"Faculty of Management Studies (FMS), University of Delhi",Delhi,,Delhi,https://fms.edu,,,,,,,,,,,,,unresolved,No first-party or government campus-address source was independently verified for this row in this research pass; the review URL is only a starting point. Keep unresolved rather than infer a district.
84,XLRI - Xavier School of Management,Jamshedpur,,Jharkhand,https://www.xlri.ac.in,https://www.xlri.ac.in/,"XLRI, C.H. Area (East), Jamshedpur 831001, Jharkhand.",,,,,,,,,,,unresolved,Official source confirms the Jamshedpur campus postal address but does not explicitly name the administrative district.
85,SP Jain Institute of Management and Research,Mumbai,,Maharashtra,https://www.spjimr.org,,,,,,,,,,,,,unresolved,No first-party or government campus-address source was independently verified for this row in this research pass; the review URL is only a starting point. Keep unresolved rather than infer a district.
86,Madras School of Economics,Chennai,,Tamil Nadu,https://www.mse.ac.in,,,,,,,,,,,,,unresolved,No first-party or government campus-address source was independently verified for this row in this research pass; the review URL is only a starting point. Keep unresolved rather than infer a district.
87,Delhi School of Economics,New Delhi,,Delhi,https://econdse.org,,,,,,,,,,,,,unresolved,No first-party or government campus-address source was independently verified for this row in this research pass; the review URL is only a starting point. Keep unresolved rather than infer a district.
88,Jamnalal Bajaj Institute of Management Studies (JBIMS),Mumbai,,Maharashtra,https://www.jbims.edu,,,,,,,,,,,,,unresolved,No first-party or government campus-address source was independently verified for this row in this research pass; the review URL is only a starting point. Keep unresolved rather than infer a district.
89,Indian Institute of Technology Delhi,New Delhi,,Delhi,https://www.iitd.ac.in,https://home.iitd.ac.in/contact.php,"IIT Delhi main campus: Hauz Khas, New Delhi 110016; source separately lists Sonipat campus at Rajiv Gandhi Education City, Kundli, Sonipat 131028.",,,,,,,,,,,unresolved,"Official IIT Delhi page lists the Hauz Khas and Sonipat campuses, but does not identify this record's campus or its administrative district."
91,IIIT Hyderabad,Hyderabad,,Telangana,https://www.iiit.ac.in,,,,,,,,,,,,,unresolved,No first-party or government campus-address source was independently verified for this row in this research pass; the review URL is only a starting point. Keep unresolved rather than infer a district.
92,National Institute of Technology Warangal,Warangal,,Telangana,https://www.nitw.ac.in,,,,,,,,,,,,,unresolved,No first-party or government campus-address source was independently verified for this row in this research pass; the review URL is only a starting point. Keep unresolved rather than infer a district.
93,National Institute of Technology Karnataka Surathkal,Surathkal,,Karnataka,https://www.nitk.ac.in,,,,,,,,,,,,,unresolved,No first-party or government campus-address source was independently verified for this row in this research pass; the review URL is only a starting point. Keep unresolved rather than infer a district.
95,Manipal Institute of Technology,Manipal,,Karnataka,https://manipal.edu/mit.html,,,,,,,,,,,,,unresolved,No first-party or government campus-address source was independently verified for this row in this research pass; the review URL is only a starting point. Keep unresolved rather than infer a district.
97,Bombay Stock Exchange (BSE) Institute,Mumbai,,Maharashtra,https://www.bsebti.com,,,,,,,,,,,,,unresolved,No first-party or government campus-address source was independently verified for this row in this research pass; the review URL is only a starting point. Keep unresolved rather than infer a district.
99,National Institute of Financial Management (NIFM),Faridabad,,Haryana,https://www.nifm.ac.in,,,,,,,,,,,,,unresolved,No first-party or government campus-address source was independently verified for this row in this research pass; the review URL is only a starting point. Keep unresolved rather than infer a district.
100,Institute of Financial Management and Research (IFMR),Chennai,,Tamil Nadu,https://www.ifmr.ac.in,,,,,,,,,,,,,unresolved,No first-party or government campus-address source was independently verified for this row in this research pass; the review URL is only a starting point. Keep unresolved rather than infer a district.
101,CFA Institute (India Chapter),Mumbai,,Maharashtra,https://www.cfainstitute.org,,,,,,,,,,,,,unresolved,No first-party or government campus-address source was independently verified for this row in this research pass; the review URL is only a starting point. Keep unresolved rather than infer a district.
103,National Institute of Design Haryana,Kurukshetra,,Haryana,https://www.nidh.ac.in,,,,,,,,,,,,,unresolved,No first-party or government campus-address source was independently verified for this row in this research pass; the review URL is only a starting point. Keep unresolved rather than infer a district.
105,Srishti Manipal Institute of Art Design and Technology,Bengaluru,,Karnataka,https://srishti.ac.in,,,,,,,,,,,,,unresolved,No first-party or government campus-address source was independently verified for this row in this research pass; the review URL is only a starting point. Keep unresolved rather than infer a district.
107,CEPT University,Ahmedabad,,Gujarat,https://www.cept.ac.in,,,,,,,,,,,,,unresolved,No first-party or government campus-address source was independently verified for this row in this research pass; the review URL is only a starting point. Keep unresolved rather than infer a district.
109,School of Planning and Architecture Bhopal,Bhopal,,Madhya Pradesh,https://www.spabhopal.ac.in,,,,,,,,,,,,,unresolved,No first-party or government campus-address source was independently verified for this row in this research pass; the review URL is only a starting point. Keep unresolved rather than infer a district.
110,Sir JJ College of Architecture,Mumbai,,Maharashtra,https://www.sirjjarchitecture.org,,,,,,,,,,,,,unresolved,No first-party or government campus-address source was independently verified for this row in this research pass; the review URL is only a starting point. Keep unresolved rather than infer a district.
111,Lovely Professional University,Phagwara,,Punjab,https://www.lpu.in,,,,,,,,,,,,,unresolved,No first-party or government campus-address source was independently verified for this row in this research pass; the review URL is only a starting point. Keep unresolved rather than infer a district.
112,MAEER MIT Institute of Design,Pune,,Maharashtra,https://www.maeer-mitpune.ac.in,,,,,,,,,,,,,unresolved,No first-party or government campus-address source was independently verified for this row in this research pass; the review URL is only a starting point. Keep unresolved rather than infer a district.
113,JJ School of Art Mumbai,Mumbai,,Maharashtra,https://www.sirjjschoolofart.org,,,,,,,,,,,,,unresolved,No first-party or government campus-address source was independently verified for this row in this research pass; the review URL is only a starting point. Keep unresolved rather than infer a district.
114,College of Architecture Trivandrum,Thiruvananthapuram,,Kerala,https://www.cat.kerala.gov.in,,,,,,,,,,,,,unresolved,No first-party or government campus-address source was independently verified for this row in this research pass; the review URL is only a starting point. Keep unresolved rather than infer a district.
115,Chandigarh College of Architecture,Chandigarh,,Chandigarh,https://www.ccachandigarh.ac.in,,,,,,,,,,,,,unresolved,No first-party or government campus-address source was independently verified for this row in this research pass; the review URL is only a starting point. Keep unresolved rather than infer a district.
116,IIT Kharagpur (Architecture),Kharagpur,,West Bengal,https://www.iitkgp.ac.in/department/AR,https://www.iitkgp.ac.in/,"IIT Kharagpur address: Kharagpur, India 721302.",,,,,,,,,,,unresolved,Official IIT Kharagpur source gives the parent institute postal address only; it does not explicitly establish this child department/school record's campus or administrative district.
117,IIT Madras (Data Science),Chennai,,Tamil Nadu,https://study.iitm.ac.in,https://www.iitm.ac.in/contact,"Indian Institute of Technology Madras, IIT P.O., Chennai 600036.",,,,,,,,,,,unresolved,Official IIT Madras source gives parent-institute address only; it does not explicitly establish this department/programme record's campus or administrative district.
118,IIT Bombay (Cyber Security),Mumbai,,Maharashtra,https://www.cse.iitb.ac.in,https://iitb.ac.in/contact-us,"IIT Bombay mailing address: Powai, Mumbai 400076, Maharashtra.",,,,,,,,,,,unresolved,Official IIT Bombay source gives parent-institute mailing address only; it does not explicitly establish this department/centre record's campus or administrative district.
120,KEM Hospital Mumbai,Mumbai,,Maharashtra,https://www.kemhospital.org,,,,,,,,,,,,,unresolved,No first-party or government campus-address source was independently verified for this row in this research pass; the review URL is only a starting point. Keep unresolved rather than infer a district.
121,Rajiv Gandhi Academy for Aviation Technology,Thiruvananthapuram,,Kerala,https://rgaat.gov.in,,,,,,,,,,,,,unresolved,No first-party or government campus-address source was independently verified for this row in this research pass; the review URL is only a starting point. Keep unresolved rather than infer a district.
122,Indira Gandhi Institute of Aeronautics,Chandigarh,,Chandigarh,https://www.igiaviationacademy.com,,,,,,,,,,,,,unresolved,No first-party or government campus-address source was independently verified for this row in this research pass; the review URL is only a starting point. Keep unresolved rather than infer a district.
123,Aldine CA Classes,Mumbai,,Maharashtra,https://www.aldineca.com,,,,,,,,,,,,,unresolved,No first-party or government campus-address source was independently verified for this row in this research pass; the review URL is only a starting point. Keep unresolved rather than infer a district.
124,J.K. Shah Classes,Mumbai,,Maharashtra,https://www.jkshahclasses.com,,,,,,,,,,,,,unresolved,No first-party or government campus-address source was independently verified for this row in this research pass; the review URL is only a starting point. Keep unresolved rather than infer a district.
126,LV Prasad Film and TV Academy,Chennai,,Tamil Nadu,https://www.lvprasadacademy.com,,,,,,,,,,,,,unresolved,No first-party or government campus-address source was independently verified for this row in this research pass; the review URL is only a starting point. Keep unresolved rather than infer a district.
128,Asian Academy of Film and Television,Noida,,Uttar Pradesh,https://www.aaft.com,,,,,,,,,,,,,unresolved,No first-party or government campus-address source was independently verified for this row in this research pass; the review URL is only a starting point. Keep unresolved rather than infer a district.
129,Shankar IAS Academy,Chennai,,Tamil Nadu,https://www.shankariastoppers.com,,,,,,,,,,,,,unresolved,No first-party or government campus-address source was independently verified for this row in this research pass; the review URL is only a starting point. Keep unresolved rather than infer a district.
130,KSG India (Khan Study Group),New Delhi,,Delhi,https://www.ksgindia.com,,,,,,,,,,,,,unresolved,No first-party or government campus-address source was independently verified for this row in this research pass; the review URL is only a starting point. Keep unresolved rather than infer a district.
131,Amity University,Noida,,Uttar Pradesh,https://www.amity.edu,,,,,,,,,,,,,unresolved,No first-party or government campus-address source was independently verified for this row in this research pass; the review URL is only a starting point. Keep unresolved rather than infer a district.
132,Jamia Millia Islamia,New Delhi,,Delhi,http://www.jmi.nic.in,,,,,,,,,,,,,unresolved,No first-party or government campus-address source was independently verified for this row in this research pass; the review URL is only a starting point. Keep unresolved rather than infer a district.
133,National Defence Academy,Pune,,Maharashtra,https://nda.nic.in,,,,,,,,,,,,,unresolved,No first-party or government campus-address source was independently verified for this row in this research pass; the review URL is only a starting point. Keep unresolved rather than infer a district.
134,Indian Military Academy,Dehradun,,Uttarakhand,https://indianarmy.nic.in,,,,,,,,,,,,,unresolved,No first-party or government campus-address source was independently verified for this row in this research pass; the review URL is only a starting point. Keep unresolved rather than infer a district.
135,Indian Naval Academy,Kannur,,Kerala,https://www.indiannavy.nic.in,,,,,,,,,,,,,unresolved,No first-party or government campus-address source was independently verified for this row in this research pass; the review URL is only a starting point. Keep unresolved rather than infer a district.
136,Air Force Academy,Hyderabad,,Telangana,https://indianairforce.nic.in,,,,,,,,,,,,,unresolved,No first-party or government campus-address source was independently verified for this row in this research pass; the review URL is only a starting point. Keep unresolved rather than infer a district.
137,Officers Training Academy Chennai,Chennai,,Tamil Nadu,https://joinindianarmy.nic.in,,,,,,,,,,,,,unresolved,No first-party or government campus-address source was independently verified for this row in this research pass; the review URL is only a starting point. Keep unresolved rather than infer a district.
138,Indian Maritime University,Chennai,,Tamil Nadu,https://www.imu.edu.in,,,,,,,,,,,,,unresolved,No first-party or government campus-address source was independently verified for this row in this research pass; the review URL is only a starting point. Keep unresolved rather than infer a district.
139,T.S. Chanakya (Mumbai),Navi Mumbai,,Maharashtra,https://www.tschanakya.ac.in,,,,,,,,,,,,,unresolved,No first-party or government campus-address source was independently verified for this row in this research pass; the review URL is only a starting point. Keep unresolved rather than infer a district.
140,Marine Engineering and Research Institute (MERI),Kolkata,,West Bengal,https://www.merikolkata.ac.in,,,,,,,,,,,,,unresolved,No first-party or government campus-address source was independently verified for this row in this research pass; the review URL is only a starting point. Keep unresolved rather than infer a district.
141,Tolani Maritime Institute,Pune,,Maharashtra,https://www.tmi.ac.in,,,,,,,,,,,,,unresolved,No first-party or government campus-address source was independently verified for this row in this research pass; the review URL is only a starting point. Keep unresolved rather than infer a district.
142,Coimbatore Marine College,Coimbatore,,Tamil Nadu,https://www.coimbatoremarinecollege.com,,,,,,,,,,,,,unresolved,No first-party or government campus-address source was independently verified for this row in this research pass; the review URL is only a starting point. Keep unresolved rather than infer a district.
145,Indian Institute of Management Kozhikode,Kozhikode,,Kerala,https://www.iimk.ac.in,,,,,,,,,,,,,unresolved,No first-party or government campus-address source was independently verified for this row in this research pass; the review URL is only a starting point. Keep unresolved rather than infer a district.
146,Management Development Institute (MDI),Gurgaon,,Haryana,https://www.mdi.ac.in,,,,,,,,,,,,,unresolved,No first-party or government campus-address source was independently verified for this row in this research pass; the review URL is only a starting point. Keep unresolved rather than infer a district.
147,Indian Institute of Foreign Trade,New Delhi,,Delhi,https://www.iift.ac.in,,,,,,,,,,,,,unresolved,No first-party or government campus-address source was independently verified for this row in this research pass; the review URL is only a starting point. Keep unresolved rather than infer a district.
148,Symbiosis Institute of Business Management (SIBM),Pune,,Maharashtra,https://www.sibmpune.edu.in,,,,,,,,,,,,,unresolved,No first-party or government campus-address source was independently verified for this row in this research pass; the review URL is only a starting point. Keep unresolved rather than infer a district.
149,MICA,Ahmedabad,,Gujarat,https://www.mica.ac.in,,,,,,,,,,,,,unresolved,No first-party or government campus-address source was independently verified for this row in this research pass; the review URL is only a starting point. Keep unresolved rather than infer a district.
153,National Institute of Fashion Technology New Delhi,New Delhi,,Delhi,https://www.nift.ac.in,,,,,,,,,,,,,unresolved,No first-party or government campus-address source was independently verified for this row in this research pass; the review URL is only a starting point. Keep unresolved rather than infer a district.
154,Amity School of Fashion Technology,Noida,,Uttar Pradesh,https://www.amity.edu/asft,,,,,,,,,,,,,unresolved,No first-party or government campus-address source was independently verified for this row in this research pass; the review URL is only a starting point. Keep unresolved rather than infer a district.
156,IMT Ghaziabad,Ghaziabad,,Uttar Pradesh,https://www.imt.edu,,,,,,,,,,,,,unresolved,No first-party or government campus-address source was independently verified for this row in this research pass; the review URL is only a starting point. Keep unresolved rather than infer a district.
157,JD Institute of Fashion Technology,Bengaluru,,Karnataka,https://www.jdinstitute.edu.in,,,,,,,,,,,,,unresolved,No first-party or government campus-address source was independently verified for this row in this research pass; the review URL is only a starting point. Keep unresolved rather than infer a district.
158,Tata Institute of Social Sciences (TISS),Mumbai,,Maharashtra,https://www.tiss.edu,,,,,,,,,,,,,unresolved,No first-party or government campus-address source was independently verified for this row in this research pass; the review URL is only a starting point. Keep unresolved rather than infer a district.
159,Indian Institute of Management Ranchi,Ranchi,,Jharkhand,https://www.iimranchi.ac.in,,,,,,,,,,,,,unresolved,No first-party or government campus-address source was independently verified for this row in this research pass; the review URL is only a starting point. Keep unresolved rather than infer a district.
161,T.A. Pai Management Institute (TAPMI),Manipal,,Karnataka,https://www.tapmi.edu.in,,,,,,,,,,,,,unresolved,No first-party or government campus-address source was independently verified for this row in this research pass; the review URL is only a starting point. Keep unresolved rather than infer a district.
162,Great Lakes Institute of Management,Chennai,,Tamil Nadu,https://www.greatlakes.edu.in,,,,,,,,,,,,,unresolved,No first-party or government campus-address source was independently verified for this row in this research pass; the review URL is only a starting point. Keep unresolved rather than infer a district.
163,Indian Institute of Management Nagpur,Nagpur,,Maharashtra,https://www.iimnagpur.ac.in,,,,,,,,,,,,,unresolved,No first-party or government campus-address source was independently verified for this row in this research pass; the review URL is only a starting point. Keep unresolved rather than infer a district.
164,Indian Institute of Mass Communication New Delhi,New Delhi,,Delhi,https://iimc.gov.in,,,,,,,,,,,,,unresolved,No first-party or government campus-address source was independently verified for this row in this research pass; the review URL is only a starting point. Keep unresolved rather than infer a district.
165,Asian College of Journalism,Chennai,,Tamil Nadu,https://www.asiancollegeofjournalism.org,,,,,,,,,,,,,unresolved,No first-party or government campus-address source was independently verified for this row in this research pass; the review URL is only a starting point. Keep unresolved rather than infer a district.
166,Symbiosis Institute of Media and Communication,Pune,,Maharashtra,https://smc.symbiosis.ac.in,,,,,,,,,,,,,unresolved,No first-party or government campus-address source was independently verified for this row in this research pass; the review URL is only a starting point. Keep unresolved rather than infer a district.
167,Xavier Institute of Communications,Mumbai,,Maharashtra,https://xaviercomm.org,,,,,,,,,,,,,unresolved,No first-party or government campus-address source was independently verified for this row in this research pass; the review URL is only a starting point. Keep unresolved rather than infer a district.
168,AJK Mass Communication Research Centre JMI,New Delhi,,Delhi,https://www.jmi.ac.in/aboutjmi/schools_centres/ajkmcrc,,,,,,,,,,,,,unresolved,No first-party or government campus-address source was independently verified for this row in this research pass; the review URL is only a starting point. Keep unresolved rather than infer a district.
169,Times School of Journalism,New Delhi,,Delhi,https://timesschoolofjournalism.com,,,,,,,,,,,,,unresolved,No first-party or government campus-address source was independently verified for this row in this research pass; the review URL is only a starting point. Keep unresolved rather than infer a district.
173,West Bengal National University of Juridical Sciences,Kolkata,,West Bengal,http://www.nujs.edu,,,,,,,,,,,,,unresolved,No first-party or government campus-address source was independently verified for this row in this research pass; the review URL is only a starting point. Keep unresolved rather than infer a district.
175,Symbiosis Law School,Pune,,Maharashtra,https://www.symbiosis.ac.in/symbiosis-law-school,,,,,,,,,,,,,unresolved,No first-party or government campus-address source was independently verified for this row in this research pass; the review URL is only a starting point. Keep unresolved rather than infer a district.
176,Government Law College,Mumbai,,Maharashtra,https://www.glcmumbai.ac.in,,,,,,,,,,,,,unresolved,No first-party or government campus-address source was independently verified for this row in this research pass; the review URL is only a starting point. Keep unresolved rather than infer a district.
177,"Faculty of Law, University of Delhi",Delhi,,Delhi,https://lawfaculty.du.ac.in,,,,,,,,,,,,,unresolved,No first-party or government campus-address source was independently verified for this row in this research pass; the review URL is only a starting point. Keep unresolved rather than infer a district.
184,National School of Drama,New Delhi,,Delhi,https://nsd.gov.in,,,,,,,,,,,,,unresolved,No first-party or government campus-address source was independently verified for this row in this research pass; the review URL is only a starting point. Keep unresolved rather than infer a district.
185,Satyajit Ray Film and Television Institute,Kolkata,,West Bengal,https://srfti.ac.in,,,,,,,,,,,,,unresolved,No first-party or government campus-address source was independently verified for this row in this research pass; the review URL is only a starting point. Keep unresolved rather than infer a district.
186,Film and Television Institute of India,Pune,,Maharashtra,https://www.ftii.ac.in,,,,,,,,,,,,,unresolved,No first-party or government campus-address source was independently verified for this row in this research pass; the review URL is only a starting point. Keep unresolved rather than infer a district.
188,Faculty of Fine Arts MSU Baroda,Vadodara,,Gujarat,https://msubaroda.ac.in/faculty-of-fine-arts,,,,,,,,,,,,,unresolved,No first-party or government campus-address source was independently verified for this row in this research pass; the review URL is only a starting point. Keep unresolved rather than infer a district.
189,College of Art Delhi,New Delhi,,Delhi,https://www.collegeofart.ac.in,,,,,,,,,,,,,unresolved,No first-party or government campus-address source was independently verified for this row in this research pass; the review URL is only a starting point. Keep unresolved rather than infer a district.
190,Kala Bhavana Santiniketan,Santiniketan,,West Bengal,https://www.visva-bharati.ac.in/Schools/KalaBhavana,,,,,,,,,,,,,unresolved,No first-party or government campus-address source was independently verified for this row in this research pass; the review URL is only a starting point. Keep unresolved rather than infer a district.
191,Government College of Fine Arts Chennai,Chennai,,Tamil Nadu,https://www.gcfachennai.ac.in,,,,,,,,,,,,,unresolved,No first-party or government campus-address source was independently verified for this row in this research pass; the review URL is only a starting point. Keep unresolved rather than infer a district.
192,Indian Institute of Banking and Finance,Mumbai,,Maharashtra,https://www.iibf.org.in,,,,,,,,,,,,,unresolved,No first-party or government campus-address source was independently verified for this row in this research pass; the review URL is only a starting point. Keep unresolved rather than infer a district.
193,National Insurance Academy (NIA),Pune,,Maharashtra,https://www.niapune.org.in,,,,,,,,,,,,,unresolved,No first-party or government campus-address source was independently verified for this row in this research pass; the review URL is only a starting point. Keep unresolved rather than infer a district.
194,Insurance Institute of India,Mumbai,,Maharashtra,https://www.insuranceinstituteofindia.com,,,,,,,,,,,,,unresolved,No first-party or government campus-address source was independently verified for this row in this research pass; the review URL is only a starting point. Keep unresolved rather than infer a district.
196,Indira Gandhi Institute of Development Research (IGIDR),Mumbai,,Maharashtra,https://www.igidr.ac.in,,,,,,,,,,,,,unresolved,No first-party or government campus-address source was independently verified for this row in this research pass; the review URL is only a starting point. Keep unresolved rather than infer a district.
197,Institute of Economic Growth (IEG),New Delhi,,Delhi,https://iegindia.org,,,,,,,,,,,,,unresolved,No first-party or government campus-address source was independently verified for this row in this research pass; the review URL is only a starting point. Keep unresolved rather than infer a district.
199,School of Planning and Architecture New Delhi,New Delhi,,Delhi,https://www.spa.ac.in,,,,,,,,,,,,,unresolved,No first-party or government campus-address source was independently verified for this row in this research pass; the review URL is only a starting point. Keep unresolved rather than infer a district.
201,IIT Roorkee (Architecture),Roorkee,,Uttarakhand,https://www.iitr.ac.in,,,,,,,,,,,,,unresolved,No first-party or government campus-address source was independently verified for this row in this research pass; the review URL is only a starting point. Keep unresolved rather than infer a district.
205,School of Planning and Architecture Vijayawada,Vijayawada,,Andhra Pradesh,https://www.spav.ac.in,,,,,,,,,,,,,unresolved,No first-party or government campus-address source was independently verified for this row in this research pass; the review URL is only a starting point. Keep unresolved rather than infer a district.
206,IIT Bombay (Physics),Mumbai,,Maharashtra,https://www.iitb.ac.in,https://iitb.ac.in/contact-us,"IIT Bombay mailing address: Powai, Mumbai 400076, Maharashtra.",,,,,,,,,,,unresolved,Official IIT Bombay source gives parent-institute mailing address only; it does not explicitly establish this department/centre record's campus or administrative district.
207,IIT Madras (Physics),Chennai,,Tamil Nadu,https://www.iitm.ac.in,https://www.iitm.ac.in/contact,"Indian Institute of Technology Madras, IIT P.O., Chennai 600036.",,,,,,,,,,,unresolved,Official IIT Madras source gives parent-institute address only; it does not explicitly establish this department/programme record's campus or administrative district.
209,Tata Institute of Fundamental Research (TIFR),Mumbai,,Maharashtra,https://www.tifr.res.in,,,,,,,,,,,,,unresolved,No first-party or government campus-address source was independently verified for this row in this research pass; the review URL is only a starting point. Keep unresolved rather than infer a district.
214,IIT Bombay (Chemistry),Mumbai,,Maharashtra,https://www.iitb.ac.in,https://iitb.ac.in/contact-us,"IIT Bombay mailing address: Powai, Mumbai 400076, Maharashtra.",,,,,,,,,,,unresolved,Official IIT Bombay source gives parent-institute mailing address only; it does not explicitly establish this department/centre record's campus or administrative district.
215,Institute of Chemical Technology (ICT) Mumbai,Mumbai,,Maharashtra,https://www.ictmumbai.edu.in,,,,,,,,,,,,,unresolved,No first-party or government campus-address source was independently verified for this row in this research pass; the review URL is only a starting point. Keep unresolved rather than infer a district.
217,NALSAR University of Law,Hyderabad,,Telangana,https://www.nalsar.ac.in,,,,,,,,,,,,,unresolved,No first-party or government campus-address source was independently verified for this row in this research pass; the review URL is only a starting point. Keep unresolved rather than infer a district.
218,National Law University Delhi,New Delhi,,Delhi,https://nludelhi.ac.in,,,,,,,,,,,,,unresolved,No first-party or government campus-address source was independently verified for this row in this research pass; the review URL is only a starting point. Keep unresolved rather than infer a district.
220,Gujarat National Law University,Gandhinagar,,Gujarat,https://www.gnlu.ac.in,,,,,,,,,,,,,unresolved,No first-party or government campus-address source was independently verified for this row in this research pass; the review URL is only a starting point. Keep unresolved rather than infer a district.
222,ILS Law College Pune,Pune,,Maharashtra,https://www.ilspune.edu.in,,,,,,,,,,,,,unresolved,No first-party or government campus-address source was independently verified for this row in this research pass; the review URL is only a starting point. Keep unresolved rather than infer a district.
232,Chanakya IAS Academy,New Delhi,,Delhi,https://www.chanakya-ias.com,,,,,,,,,,,,,unresolved,No first-party or government campus-address source was independently verified for this row in this research pass; the review URL is only a starting point. Keep unresolved rather than infer a district.
233,Vaid's ICS Lucknow,Lucknow,,Uttar Pradesh,https://www.vaidicslucknow.com/,,,,,,,,,,,,,unresolved,No first-party or government campus-address source was independently verified for this row in this research pass; the review URL is only a starting point. Keep unresolved rather than infer a district.
239,Banaras Hindu University,Varanasi,,Uttar Pradesh,http://www.bhu.ac.in,,,,,,,,,,,,,unresolved,No first-party or government campus-address source was independently verified for this row in this research pass; the review URL is only a starting point. Keep unresolved rather than infer a district.
240,University of Mumbai,Mumbai,,Maharashtra,https://mu.ac.in,,,,,,,,,,,,,unresolved,No first-party or government campus-address source was independently verified for this row in this research pass; the review URL is only a starting point. Keep unresolved rather than infer a district.
242,Indian Institute of Technology (Indian School of Mines) Dhanbad,Dhanbad,,Jharkhand,https://www.iitism.ac.in,,,,,,,,,,,,,unresolved,No first-party or government campus-address source was independently verified for this row in this research pass; the review URL is only a starting point. Keep unresolved rather than infer a district.
245,Andhra University (Geology),Visakhapatnam,,Andhra Pradesh,https://www.andhrauniversity.edu.in,,,,,,,,,,,,,unresolved,No first-party or government campus-address source was independently verified for this row in this research pass; the review URL is only a starting point. Keep unresolved rather than infer a district.
246,BHU (Geology),Varanasi,,Uttar Pradesh,https://www.bhu.ac.in,,,,,,,,,,,,,unresolved,No first-party or government campus-address source was independently verified for this row in this research pass; the review URL is only a starting point. Keep unresolved rather than infer a district.
249,IIT Delhi (Atmospheric Sciences),New Delhi,,Delhi,https://www.iitd.ac.in,https://home.iitd.ac.in/contact.php,"IIT Delhi main campus: Hauz Khas, New Delhi 110016; source separately lists Sonipat campus at Rajiv Gandhi Education City, Kundli, Sonipat 131028.",,,,,,,,,,,unresolved,"Official IIT Delhi page lists the Hauz Khas and Sonipat campuses, but does not identify this record's campus or its administrative district."
251,Cochin University of Science and Technology,Kochi,,Kerala,https://cusat.ac.in,,,,,,,,,,,,,unresolved,No first-party or government campus-address source was independently verified for this row in this research pass; the review URL is only a starting point. Keep unresolved rather than infer a district.
255,Goa University (Marine Science),Goa,,Goa,https://www.unigoa.ac.in,,,,,,,,,,,,,unresolved,No first-party or government campus-address source was independently verified for this row in this research pass; the review URL is only a starting point. Keep unresolved rather than infer a district.
256,Berhampur University (Marine Science),Berhampur,,Odisha,https://www.buodisha.edu.in,,,,,,,,,,,,,unresolved,No first-party or government campus-address source was independently verified for this row in this research pass; the review URL is only a starting point. Keep unresolved rather than infer a district.
258,JNU School of Social Sciences,New Delhi,,Delhi,https://www.jnu.ac.in,,,,,,,,,,,,,unresolved,No first-party or government campus-address source was independently verified for this row in this research pass; the review URL is only a starting point. Keep unresolved rather than infer a district.
260,Gokhale Institute of Politics and Economics,Pune,,Maharashtra,https://www.gipe.ac.in,,,,,,,,,,,,,unresolved,No first-party or government campus-address source was independently verified for this row in this research pass; the review URL is only a starting point. Keep unresolved rather than infer a district.
266,IIT Bombay (Electrical),Mumbai,,Maharashtra,https://www.iitb.ac.in,https://iitb.ac.in/contact-us,"IIT Bombay mailing address: Powai, Mumbai 400076, Maharashtra.",,,,,,,,,,,unresolved,Official IIT Bombay source gives parent-institute mailing address only; it does not explicitly establish this department/centre record's campus or administrative district.
267,IIT Delhi (Electrical),New Delhi,,Delhi,https://www.iitd.ac.in,https://home.iitd.ac.in/contact.php,"IIT Delhi main campus: Hauz Khas, New Delhi 110016; source separately lists Sonipat campus at Rajiv Gandhi Education City, Kundli, Sonipat 131028.",,,,,,,,,,,unresolved,"Official IIT Delhi page lists the Hauz Khas and Sonipat campuses, but does not identify this record's campus or its administrative district."
268,IIT Madras (Electrical),Chennai,,Tamil Nadu,https://www.iitm.ac.in,https://www.iitm.ac.in/contact,"Indian Institute of Technology Madras, IIT P.O., Chennai 600036.",,,,,,,,,,,unresolved,Official IIT Madras source gives parent-institute address only; it does not explicitly establish this department/programme record's campus or administrative district.
269,Government Aviation Training Institute,Bhubaneswar,,Odisha,https://www.flywithgati.com,,,,,,,,,,,,,unresolved,No first-party or government campus-address source was independently verified for this row in this research pass; the review URL is only a starting point. Keep unresolved rather than infer a district.
271,JNU School of International Studies,New Delhi,,Delhi,https://www.jnu.ac.in,,,,,,,,,,,,,unresolved,No first-party or government campus-address source was independently verified for this row in this research pass; the review URL is only a starting point. Keep unresolved rather than infer a district.
273,Deccan College Pune,Pune,,Maharashtra,https://deccancollegepune.ac.in,,,,,,,,,,,,,unresolved,No first-party or government campus-address source was independently verified for this row in this research pass; the review URL is only a starting point. Keep unresolved rather than infer a district.
274,National Museum Institute,New Delhi,,Delhi,https://www.nmi.gov.in,,,,,,,,,,,,,unresolved,No first-party or government campus-address source was independently verified for this row in this research pass; the review URL is only a starting point. Keep unresolved rather than infer a district.
276,Jadavpur University,Kolkata,,West Bengal,https://www.jaduniv.edu.in,,,,,,,,,,,,,unresolved,No first-party or government campus-address source was independently verified for this row in this research pass; the review URL is only a starting point. Keep unresolved rather than infer a district.
277,English and Foreign Languages University,Hyderabad,,Telangana,https://www.efluniversity.ac.in,,,,,,,,,,,,,unresolved,No first-party or government campus-address source was independently verified for this row in this research pass; the review URL is only a starting point. Keep unresolved rather than infer a district.
279,Mahatma Gandhi Antarrashtriya Hindi Vishwavidyalaya,Wardha,,Maharashtra,https://hindivishwa.org,,,,,,,,,,,,,unresolved,No first-party or government campus-address source was independently verified for this row in this research pass; the review URL is only a starting point. Keep unresolved rather than infer a district.
281,Faculty of Music and Fine Arts Delhi University,Delhi,,Delhi,https://www.du.ac.in,,,,,,,,,,,,,unresolved,No first-party or government campus-address source was independently verified for this row in this research pass; the review URL is only a starting point. Keep unresolved rather than infer a district.
282,Bhatkhande Music Institute,Lucknow,,Uttar Pradesh,https://www.bhatkhande.edu.in,,,,,,,,,,,,,unresolved,No first-party or government campus-address source was independently verified for this row in this research pass; the review URL is only a starting point. Keep unresolved rather than infer a district.
283,ITC Sangeet Research Academy,Kolkata,,West Bengal,https://www.itcsra.org,,,,,,,,,,,,,unresolved,No first-party or government campus-address source was independently verified for this row in this research pass; the review URL is only a starting point. Keep unresolved rather than infer a district.
284,KM Music Conservatory,Chennai,,Tamil Nadu,https://www.kmmc.in,,,,,,,,,,,,,unresolved,No first-party or government campus-address source was independently verified for this row in this research pass; the review URL is only a starting point. Keep unresolved rather than infer a district.
285,Kalakshetra Foundation,Chennai,,Tamil Nadu,https://kalakshetra.in,,,,,,,,,,,,,unresolved,No first-party or government campus-address source was independently verified for this row in this research pass; the review URL is only a starting point. Keep unresolved rather than infer a district.
286,Nalanda Dance Research Centre,Mumbai,,Maharashtra,https://www.nalandadanceresearch.org,,,,,,,,,,,,,unresolved,No first-party or government campus-address source was independently verified for this row in this research pass; the review URL is only a starting point. Keep unresolved rather than infer a district.
289,Post Graduate Institute of Medical Education and Research,Chandigarh,,Chandigarh,https://pgimer.edu.in,,,,,,,,,,,,,unresolved,No first-party or government campus-address source was independently verified for this row in this research pass; the review URL is only a starting point. Keep unresolved rather than infer a district.
292,Maulana Azad Medical College,New Delhi,,Delhi,https://www.mamc.ac.in,,,,,,,,,,,,,unresolved,No first-party or government campus-address source was independently verified for this row in this research pass; the review URL is only a starting point. Keep unresolved rather than infer a district.
293,Grant Medical College Mumbai,Mumbai,,Maharashtra,https://www.grantmedicalcollegemumbai.org,,,,,,,,,,,,,unresolved,No first-party or government campus-address source was independently verified for this row in this research pass; the review URL is only a starting point. Keep unresolved rather than infer a district.
294,Maulana Azad Institute of Dental Sciences,New Delhi,,Delhi,https://www.maids.ac.in,,,,,,,,,,,,,unresolved,No first-party or government campus-address source was independently verified for this row in this research pass; the review URL is only a starting point. Keep unresolved rather than infer a district.
295,Government Dental College Mumbai,Mumbai,,Maharashtra,https://www.gdc-mum.org,,,,,,,,,,,,,unresolved,No first-party or government campus-address source was independently verified for this row in this research pass; the review URL is only a starting point. Keep unresolved rather than infer a district.
296,Manipal College of Dental Sciences,Manipal,,Karnataka,https://mcods.manipal.edu,,,,,,,,,,,,,unresolved,No first-party or government campus-address source was independently verified for this row in this research pass; the review URL is only a starting point. Keep unresolved rather than infer a district.
297,SDM College of Dental Sciences,Dharwad,,Karnataka,https://www.sdmcds.org,,,,,,,,,,,,,unresolved,No first-party or government campus-address source was independently verified for this row in this research pass; the review URL is only a starting point. Keep unresolved rather than infer a district.
300,Lakshmibai National Institute of Physical Education,Gwalior,,Madhya Pradesh,https://www.lnipe.edu.in,,,,,,,,,,,,,unresolved,No first-party or government campus-address source was independently verified for this row in this research pass; the review URL is only a starting point. Keep unresolved rather than infer a district.
301,Institute of Hotel Management Pusa New Delhi,New Delhi,,Delhi,https://ihmpusa.net,,,,,,,,,,,,,unresolved,No first-party or government campus-address source was independently verified for this row in this research pass; the review URL is only a starting point. Keep unresolved rather than infer a district.
302,Institute of Hotel Management Mumbai,Mumbai,,Maharashtra,https://www.ihmctan.edu,,,,,,,,,,,,,unresolved,No first-party or government campus-address source was independently verified for this row in this research pass; the review URL is only a starting point. Keep unresolved rather than infer a district.
303,Institute of Hotel Management Bengaluru,Bengaluru,,Karnataka,https://ihmbangalore.ac.in,,,,,,,,,,,,,unresolved,No first-party or government campus-address source was independently verified for this row in this research pass; the review URL is only a starting point. Keep unresolved rather than infer a district.
304,Oberoi Centre of Learning and Development,New Delhi,,Delhi,https://www.oberoihotels.com/oberoi-centre-of-learning-and-development,,,,,,,,,,,,,unresolved,No first-party or government campus-address source was independently verified for this row in this research pass; the review URL is only a starting point. Keep unresolved rather than infer a district.
305,Indian Institute of Tourism and Travel Management Gwalior,Gwalior,,Madhya Pradesh,https://iittm.ac.in,,,,,,,,,,,,,unresolved,No first-party or government campus-address source was independently verified for this row in this research pass; the review URL is only a starting point. Keep unresolved rather than infer a district.
306,National Institute of Event Management (NIEM),Mumbai,,Maharashtra,https://www.niem.edu.in,,,,,,,,,,,,,unresolved,No first-party or government campus-address source was independently verified for this row in this research pass; the review URL is only a starting point. Keep unresolved rather than infer a district.
307,Gujarat Ayurved University,Jamnagar,,Gujarat,https://www.ayurvedauniversity.edu.in,,,,,,,,,,,,,unresolved,No first-party or government campus-address source was independently verified for this row in this research pass; the review URL is only a starting point. Keep unresolved rather than infer a district.
308,Banaras Hindu University (Ayurveda),Varanasi,,Uttar Pradesh,https://www.bhu.ac.in,,,,,,,,,,,,,unresolved,No first-party or government campus-address source was independently verified for this row in this research pass; the review URL is only a starting point. Keep unresolved rather than infer a district.
309,National Institute of Ayurveda,Jaipur,,Rajasthan,https://www.nia.nic.in,,,,,,,,,,,,,unresolved,No first-party or government campus-address source was independently verified for this row in this research pass; the review URL is only a starting point. Keep unresolved rather than infer a district.
310,All India Institute of Ayurveda,New Delhi,,Delhi,https://www.aiia.gov.in,,,,,,,,,,,,,unresolved,No first-party or government campus-address source was independently verified for this row in this research pass; the review URL is only a starting point. Keep unresolved rather than infer a district.
311,National Institute of Homoeopathy,Kolkata,,West Bengal,https://www.nih.nic.in,,,,,,,,,,,,,unresolved,No first-party or government campus-address source was independently verified for this row in this research pass; the review URL is only a starting point. Keep unresolved rather than infer a district.
312,Dr. B.R. Sur Homoeopathic Medical College,New Delhi,,Delhi,https://www.drbrsurhomeopathic.ac.in,,,,,,,,,,,,,unresolved,No first-party or government campus-address source was independently verified for this row in this research pass; the review URL is only a starting point. Keep unresolved rather than infer a district.
313,Father Muller Homoeopathic Medical College,Mangalore,,Karnataka,https://www.fathermullerhmc.edu.in,,,,,,,,,,,,,unresolved,No first-party or government campus-address source was independently verified for this row in this research pass; the review URL is only a starting point. Keep unresolved rather than infer a district.
314,RAK College of Nursing,New Delhi,,Delhi,https://www.rakcollegeofnursing.ac.in,,,,,,,,,,,,,unresolved,No first-party or government campus-address source was independently verified for this row in this research pass; the review URL is only a starting point. Keep unresolved rather than infer a district.
315,CMC Vellore (Nursing),Vellore,,Tamil Nadu,https://www.cmch-vellore.edu,,,,,,,,,,,,,unresolved,No first-party or government campus-address source was independently verified for this row in this research pass; the review URL is only a starting point. Keep unresolved rather than infer a district.
316,AIIMS Nursing College,New Delhi,,Delhi,https://www.aiims.edu,https://aiims.edu/index.php/en/address-location-directions,"AIIMS address page gives Ansari Nagar, New Delhi 110029; postal address for Rajendra Prasad Centre for Ophthalmic Sciences is also listed.",,,,,,,,,,,unresolved,"Official AIIMS page gives an address for the parent institute/Ansari Nagar and an eye centre, but does not tie this nursing-college record to that address or name a district."
317,Armed Forces Medical College,Pune,,Maharashtra,https://afmc.nic.in,,,,,,,,,,,,,unresolved,No first-party or government campus-address source was independently verified for this row in this research pass; the review URL is only a starting point. Keep unresolved rather than infer a district.
318,National Institute of Pharmaceutical Education and Research Mohali,Mohali,,Punjab,https://www.niper.gov.in,,,,,,,,,,,,,unresolved,No first-party or government campus-address source was independently verified for this row in this research pass; the review URL is only a starting point. Keep unresolved rather than infer a district.
319,Jamia Hamdard (Pharmacy),New Delhi,,Delhi,https://www.jamiahamdard.edu,,,,,,,,,,,,,unresolved,No first-party or government campus-address source was independently verified for this row in this research pass; the review URL is only a starting point. Keep unresolved rather than infer a district.
320,Bombay College of Pharmacy,Mumbai,,Maharashtra,https://www.bcp.edu.in,,,,,,,,,,,,,unresolved,No first-party or government campus-address source was independently verified for this row in this research pass; the review URL is only a starting point. Keep unresolved rather than infer a district.
321,BITS Pilani (Pharmacy),Pilani,,Rajasthan,https://www.bits-pilani.ac.in,,,,,,,,,,,,,unresolved,No first-party or government campus-address source was independently verified for this row in this research pass; the review URL is only a starting point. Keep unresolved rather than infer a district.
322,Indian Veterinary Research Institute,Bareilly,,Uttar Pradesh,https://ivri.nic.in,,,,,,,,,,,,,unresolved,No first-party or government campus-address source was independently verified for this row in this research pass; the review URL is only a starting point. Keep unresolved rather than infer a district.
323,Bombay Veterinary College,Mumbai,,Maharashtra,https://www.mvsc.ac.in,,,,,,,,,,,,,unresolved,No first-party or government campus-address source was independently verified for this row in this research pass; the review URL is only a starting point. Keep unresolved rather than infer a district.
324,Madras Veterinary College,Chennai,,Tamil Nadu,https://www.tanuvas.ac.in,,,,,,,,,,,,,unresolved,No first-party or government campus-address source was independently verified for this row in this research pass; the review URL is only a starting point. Keep unresolved rather than infer a district.
325,College of Veterinary Science Hyderabad,Hyderabad,,Telangana,https://www.pvcafsc.telangana.gov.in,,,,,,,,,,,,,unresolved,No first-party or government campus-address source was independently verified for this row in this research pass; the review URL is only a starting point. Keep unresolved rather than infer a district.
326,KGMU Lucknow (Physiotherapy),Lucknow,,Uttar Pradesh,https://www.kgmu.org,,,,,,,,,,,,,unresolved,No first-party or government campus-address source was independently verified for this row in this research pass; the review URL is only a starting point. Keep unresolved rather than infer a district.
327,CMC Vellore (Physiotherapy),Vellore,,Tamil Nadu,https://www.cmch-vellore.edu,,,,,,,,,,,,,unresolved,No first-party or government campus-address source was independently verified for this row in this research pass; the review URL is only a starting point. Keep unresolved rather than infer a district.
328,AIIMS (Physiotherapy),New Delhi,,Delhi,https://www.aiims.edu,https://aiims.edu/index.php/en/address-location-directions,"AIIMS address page gives Ansari Nagar, New Delhi 110029; postal address for Rajendra Prasad Centre for Ophthalmic Sciences is also listed.",,,,,,,,,,,unresolved,"Official AIIMS page gives an address for the parent institute/Ansari Nagar and an eye centre, but does not tie this physiotherapy record to that address or name a district."
330,JNU (Biotechnology),New Delhi,,Delhi,https://www.jnu.ac.in,,,,,,,,,,,,,unresolved,No first-party or government campus-address source was independently verified for this row in this research pass; the review URL is only a starting point. Keep unresolved rather than infer a district.
331,IIT Delhi (Biotechnology),New Delhi,,Delhi,https://www.iitd.ac.in,https://home.iitd.ac.in/contact.php,"IIT Delhi main campus: Hauz Khas, New Delhi 110016; source separately lists Sonipat campus at Rajiv Gandhi Education City, Kundli, Sonipat 131028.",,,,,,,,,,,unresolved,"Official IIT Delhi page lists the Hauz Khas and Sonipat campuses, but does not identify this record's campus or its administrative district."
332,Wildlife Institute of India,Dehradun,,Uttarakhand,https://wii.gov.in,,,,,,,,,,,,,unresolved,No first-party or government campus-address source was independently verified for this row in this research pass; the review URL is only a starting point. Keep unresolved rather than infer a district.
333,Forest Research Institute (FRI),Dehradun,,Uttarakhand,https://www.icfre.gov.in/fri.html,,,,,,,,,,,,,unresolved,No first-party or government campus-address source was independently verified for this row in this research pass; the review URL is only a starting point. Keep unresolved rather than infer a district.
334,Indian Institute of Forest Management,Bhopal,,Madhya Pradesh,https://iifm.ac.in,,,,,,,,,,,,,unresolved,No first-party or government campus-address source was independently verified for this row in this research pass; the review URL is only a starting point. Keep unresolved rather than infer a district.
335,LNJN National Institute of Criminology and Forensic Science,New Delhi,,Delhi,https://www.nicfs.gov.in,,,,,,,,,,,,,unresolved,No first-party or government campus-address source was independently verified for this row in this research pass; the review URL is only a starting point. Keep unresolved rather than infer a district.
336,National Forensic Sciences University,Gandhinagar,,Gujarat,https://www.nfsu.ac.in,,,,,,,,,,,,,unresolved,No first-party or government campus-address source was independently verified for this row in this research pass; the review URL is only a starting point. Keep unresolved rather than infer a district.
338,Central Food Technological Research Institute (CFTRI),Mysuru,,Karnataka,https://www.cftri.res.in,,,,,,,,,,,,,unresolved,No first-party or government campus-address source was independently verified for this row in this research pass; the review URL is only a starting point. Keep unresolved rather than infer a district.
339,National Institute of Food Technology Entrepreneurship and Management Kundli,Sonipat,,Haryana,https://www.niftem.ac.in,,,,,,,,,,,,,unresolved,No first-party or government campus-address source was independently verified for this row in this research pass; the review URL is only a starting point. Keep unresolved rather than infer a district.
340,Indian Agricultural Research Institute,New Delhi,,Delhi,https://www.iari.res.in,,,,,,,,,,,,,unresolved,No first-party or government campus-address source was independently verified for this row in this research pass; the review URL is only a starting point. Keep unresolved rather than infer a district.
341,Tamil Nadu Agricultural University,Coimbatore,,Tamil Nadu,http://www.tnau.ac.in,,,,,,,,,,,,,unresolved,No first-party or government campus-address source was independently verified for this row in this research pass; the review URL is only a starting point. Keep unresolved rather than infer a district.
342,Punjab Agricultural University,Ludhiana,,Punjab,https://www.pau.edu,,,,,,,,,,,,,unresolved,No first-party or government campus-address source was independently verified for this row in this research pass; the review URL is only a starting point. Keep unresolved rather than infer a district.
343,G.B. Pant University of Agriculture and Technology,Pantnagar,,Uttarakhand,http://www.gbpuat.ac.in,,,,,,,,,,,,,unresolved,No first-party or government campus-address source was independently verified for this row in this research pass; the review URL is only a starting point. Keep unresolved rather than infer a district.
344,University of Agricultural Sciences Bangalore,Bengaluru,,Karnataka,http://www.uasbangalore.edu.in,,,,,,,,,,,,,unresolved,No first-party or government campus-address source was independently verified for this row in this research pass; the review URL is only a starting point. Keep unresolved rather than infer a district.
345,Lady Hardinge Medical College,New Delhi,,Delhi,https://www.lhmc.edu.in,,,,,,,,,,,,,unresolved,No first-party or government campus-address source was independently verified for this row in this research pass; the review URL is only a starting point. Keep unresolved rather than infer a district.
346,Christian Medical College Ludhiana,Ludhiana,,Punjab,https://www.cmcludhiana.in,,,,,,,,,,,,,unresolved,No first-party or government campus-address source was independently verified for this row in this research pass; the review URL is only a starting point. Keep unresolved rather than infer a district.
347,Lotus Eye Hospital and Institute,Coimbatore,,Tamil Nadu,https://www.lotuseyehospital.com,,,,,,,,,,,,,unresolved,No first-party or government campus-address source was independently verified for this row in this research pass; the review URL is only a starting point. Keep unresolved rather than infer a district.
348,Elite School of Optometry Chennai,Chennai,,Tamil Nadu,https://www.sndt.edu.in,,,,,,,,,,,,,unresolved,No first-party or government campus-address source was independently verified for this row in this research pass; the review URL is only a starting point. Keep unresolved rather than infer a district.
349,LV Prasad Eye Institute,Hyderabad,,Telangana,https://www.lvpei.org,,,,,,,,,,,,,unresolved,No first-party or government campus-address source was independently verified for this row in this research pass; the review URL is only a starting point. Keep unresolved rather than infer a district.
350,Bharati Vidyapeeth (Optometry),Pune,,Maharashtra,https://www.bharatividyapeeth.edu,,,,,,,,,,,,,unresolved,No first-party or government campus-address source was independently verified for this row in this research pass; the review URL is only a starting point. Keep unresolved rather than infer a district.
352,IIT Bombay (ECE),Mumbai,,Maharashtra,https://www.iitb.ac.in,https://iitb.ac.in/contact-us,"IIT Bombay mailing address: Powai, Mumbai 400076, Maharashtra.",,,,,,,,,,,unresolved,Official IIT Bombay source gives parent-institute mailing address only; it does not explicitly establish this department/centre record's campus or administrative district.
353,IIT Madras (ECE),Chennai,,Tamil Nadu,https://www.iitm.ac.in,https://www.iitm.ac.in/contact,"Indian Institute of Technology Madras, IIT P.O., Chennai 600036.",,,,,,,,,,,unresolved,Official IIT Madras source gives parent-institute address only; it does not explicitly establish this department/programme record's campus or administrative district.
354,IIT Bombay (Mechanical),Mumbai,,Maharashtra,https://www.iitb.ac.in,https://iitb.ac.in/contact-us,"IIT Bombay mailing address: Powai, Mumbai 400076, Maharashtra.",,,,,,,,,,,unresolved,Official IIT Bombay source gives parent-institute mailing address only; it does not explicitly establish this department/centre record's campus or administrative district.
355,IIT Madras (Mechanical),Chennai,,Tamil Nadu,https://www.iitm.ac.in,https://www.iitm.ac.in/contact,"Indian Institute of Technology Madras, IIT P.O., Chennai 600036.",,,,,,,,,,,unresolved,Official IIT Madras source gives parent-institute address only; it does not explicitly establish this department/programme record's campus or administrative district.
356,IIT Bombay (Civil),Mumbai,,Maharashtra,https://www.iitb.ac.in,https://iitb.ac.in/contact-us,"IIT Bombay mailing address: Powai, Mumbai 400076, Maharashtra.",,,,,,,,,,,unresolved,Official IIT Bombay source gives parent-institute mailing address only; it does not explicitly establish this department/centre record's campus or administrative district.
357,IIT Madras (Civil),Chennai,,Tamil Nadu,https://www.iitm.ac.in,https://www.iitm.ac.in/contact,"Indian Institute of Technology Madras, IIT P.O., Chennai 600036.",,,,,,,,,,,unresolved,Official IIT Madras source gives parent-institute address only; it does not explicitly establish this department/programme record's campus or administrative district.
358,IIT Bombay (Chemical),Mumbai,,Maharashtra,https://www.iitb.ac.in,https://iitb.ac.in/contact-us,"IIT Bombay mailing address: Powai, Mumbai 400076, Maharashtra.",,,,,,,,,,,unresolved,Official IIT Bombay source gives parent-institute mailing address only; it does not explicitly establish this department/centre record's campus or administrative district.
359,IIT Madras (Aerospace),Chennai,,Tamil Nadu,https://www.iitm.ac.in,https://www.iitm.ac.in/contact,"Indian Institute of Technology Madras, IIT P.O., Chennai 600036.",,,,,,,,,,,unresolved,Official IIT Madras source gives parent-institute address only; it does not explicitly establish this department/programme record's campus or administrative district.
360,IIT Bombay (Aerospace),Mumbai,,Maharashtra,https://www.iitb.ac.in,https://iitb.ac.in/contact-us,"IIT Bombay mailing address: Powai, Mumbai 400076, Maharashtra.",,,,,,,,,,,unresolved,Official IIT Bombay source gives parent-institute mailing address only; it does not explicitly establish this department/centre record's campus or administrative district.
361,Indian Institute of Space Science and Technology (IIST),Thiruvananthapuram,,Kerala,https://www.iist.ac.in,,,,,,,,,,,,,unresolved,No first-party or government campus-address source was independently verified for this row in this research pass; the review URL is only a starting point. Keep unresolved rather than infer a district.
362,IIT Kharagpur (ECE),Kharagpur,,West Bengal,https://www.iitkgp.ac.in,https://www.iitkgp.ac.in/,"IIT Kharagpur address: Kharagpur, India 721302.",,,,,,,,,,,unresolved,Official IIT Kharagpur source gives the parent institute postal address only; it does not explicitly establish this child department/school record's campus or administrative district.
363,IIT Delhi (Chemical),New Delhi,,Delhi,https://www.iitd.ac.in,https://home.iitd.ac.in/contact.php,"IIT Delhi main campus: Hauz Khas, New Delhi 110016; source separately lists Sonipat campus at Rajiv Gandhi Education City, Kundli, Sonipat 131028.",,,,,,,,,,,unresolved,"Official IIT Delhi page lists the Hauz Khas and Sonipat campuses, but does not identify this record's campus or its administrative district."
364,Indian Institute of Petroleum Dehradun,Dehradun,,Uttarakhand,https://www.iip.res.in,,,,,,,,,,,,,unresolved,No first-party or government campus-address source was independently verified for this row in this research pass; the review URL is only a starting point. Keep unresolved rather than infer a district.
365,IIT Guwahati (Biotech),Guwahati,,Assam,https://www.iitg.ac.in,,,,,,,,,,,,,unresolved,No first-party or government campus-address source was independently verified for this row in this research pass; the review URL is only a starting point. Keep unresolved rather than infer a district.
366,Banaras Hindu University (Veterinary Science),Varanasi,,Uttar Pradesh,https://www.bhu.ac.in,,,,,,,,,,,,,unresolved,No first-party or government campus-address source was independently verified for this row in this research pass; the review URL is only a starting point. Keep unresolved rather than infer a district.
367,Government Polytechnic Mumbai,Mumbai,,Maharashtra,https://gpmumbai.ac.in,,,,,,,,,,,,,unresolved,No first-party or government campus-address source was independently verified for this row in this research pass; the review URL is only a starting point. Keep unresolved rather than infer a district.
368,PSG Polytechnic College,Coimbatore,,Tamil Nadu,https://www.psgpolytech.ac.in,,,,,,,,,,,,,unresolved,No first-party or government campus-address source was independently verified for this row in this research pass; the review URL is only a starting point. Keep unresolved rather than infer a district.
369,Indian Institute of Management Calcutta,Kolkata,,West Bengal,https://www.iimcal.ac.in,,,,,,,,,,,,,unresolved,No first-party or government campus-address source was independently verified for this row in this research pass; the review URL is only a starting point. Keep unresolved rather than infer a district.
370,Indian Institute of Management Bangalore,Bengaluru,,Karnataka,https://www.iimb.ac.in,,,,,,,,,,,,,unresolved,No first-party or government campus-address source was independently verified for this row in this research pass; the review URL is only a starting point. Keep unresolved rather than infer a district.
371,Indian School of Business,Hyderabad,,Telangana,https://www.isb.edu,,,,,,,,,,,,,unresolved,No first-party or government campus-address source was independently verified for this row in this research pass; the review URL is only a starting point. Keep unresolved rather than infer a district.
372,Indian Institute of Management Tiruchirappalli,Tiruchirappalli,,Tamil Nadu,https://www.iimtrichy.ac.in,,,,,,,,,,,,,unresolved,No first-party or government campus-address source was independently verified for this row in this research pass; the review URL is only a starting point. Keep unresolved rather than infer a district.
374,Indian Institute of Technology Madras,Chennai,,Tamil Nadu,https://www.iitm.ac.in,https://www.iitm.ac.in/contact,"Indian Institute of Technology Madras, IIT P.O., Chennai 600036.",government_institute_address,https://tribal.gov.in/writereaddata/sentionOrder/202301030442367343326Chennai.pdf,"Government of India grant form names Indian Institute of Technology Madras, IIT Madras Campus Post Office, Sardar Patel Road, Adyar; City/District Chennai, Tamil Nadu, PIN 600036.",,,,,High: first-party institute/campus address and independent government/official evidence establish the same physical campus and district/state.,Chennai,568,resolved_explicit,
375,Indian Institute of Technology Kharagpur,Kharagpur,,West Bengal,https://www.iitkgp.ac.in,https://www.iitkgp.ac.in/,"IIT Kharagpur address: Kharagpur, India 721302.",government_institute_directory,https://master-dsir.digifootprint.gov.in/static/uploads/2025/10/9a3291e5a98935a2f7d222b9d127ab48.pdf,"Government DSIR directory lists IIT Kharagpur AI4ICPS I Hub Foundation at IIT-Kharagpur Campus, District Paschim Medinipore, West Bengal 721302.",,,,,High: first-party institute/campus address and independent government/official evidence establish the same physical campus and district/state.,Paschim Medinipur,318,resolved_explicit,
376,International Institute of Information Technology Bangalore,Bangalore,,Karnataka,https://www.iiitb.ac.in,,,,,,,,,,,,,unresolved,No first-party or government campus-address source was independently verified for this row in this research pass; the review URL is only a starting point. Keep unresolved rather than infer a district.
377,Kerala Blockchain Academy,Thiruvananthapuram,,Kerala,https://kba.ai,,,,,,,,,,,,,unresolved,No first-party or government campus-address source was independently verified for this row in this research pass; the review URL is only a starting point. Keep unresolved rather than infer a district.
379,International College of Financial Planning,New Delhi,,Delhi,https://www.iifponline.com,,,,,,,,,,,,,unresolved,No first-party or government campus-address source was independently verified for this row in this research pass; the review URL is only a starting point. Keep unresolved rather than infer a district.
380,National Institute of Securities Markets,Rasayani,,Maharashtra,https://www.nism.ac.in,,,,,,,,,,,,,unresolved,No first-party or government campus-address source was independently verified for this row in this research pass; the review URL is only a starting point. Keep unresolved rather than infer a district.
381,Indian Institute of Management Lucknow,Lucknow,,Uttar Pradesh,https://www.iiml.ac.in,,,,,,,,,,,,,unresolved,No first-party or government campus-address source was independently verified for this row in this research pass; the review URL is only a starting point. Keep unresolved rather than infer a district.
382,Thadomal Shahani Centre for Management,Mumbai,,Maharashtra,https://www.tscfm.org,,,,,,,,,,,,,unresolved,No first-party or government campus-address source was independently verified for this row in this research pass; the review URL is only a starting point. Keep unresolved rather than infer a district.
383,Pune Institute of Business Management,Pune,,Maharashtra,https://www.pibm.in,,,,,,,,,,,,,unresolved,No first-party or government campus-address source was independently verified for this row in this research pass; the review URL is only a starting point. Keep unresolved rather than infer a district.
384,Symbiosis School of Sports Sciences,Pune,,Maharashtra,https://www.symbiosis.ac.in,,,,,,,,,,,,,unresolved,No first-party or government campus-address source was independently verified for this row in this research pass; the review URL is only a starting point. Keep unresolved rather than infer a district.
385,Netaji Subhas National Institute of Sports,Patiala,,Punjab,https://sportsauthorityofindia.nic.in,,,,,,,,,,,,,unresolved,No first-party or government campus-address source was independently verified for this row in this research pass; the review URL is only a starting point. Keep unresolved rather than infer a district.
386,National Academy of Sports Management,Mumbai,,Maharashtra,https://www.nasm.org.in,,,,,,,,,,,,,unresolved,No first-party or government campus-address source was independently verified for this row in this research pass; the review URL is only a starting point. Keep unresolved rather than infer a district.
387,International Institute of Sports Management (IISM),Mumbai,,Maharashtra,https://iismworld.com/,,,,,,,,,,,,,unresolved,No first-party or government campus-address source was independently verified for this row in this research pass; the review URL is only a starting point. Keep unresolved rather than infer a district.
388,K.J. Somaiya Institute of Management,Mumbai,,Maharashtra,https://simsr.somaiya.edu,,,,,,,,,,,,,unresolved,No first-party or government campus-address source was independently verified for this row in this research pass; the review URL is only a starting point. Keep unresolved rather than infer a district.
389,National Law School of India University,Bengaluru,,Karnataka,https://www.nls.ac.in,,,,,,,,,,,,,unresolved,No first-party or government campus-address source was independently verified for this row in this research pass; the review URL is only a starting point. Keep unresolved rather than infer a district.
392,National University of Advanced Legal Studies,Kochi,,Kerala,http://www.nuals.ac.in,,,,,,,,,,,,,unresolved,No first-party or government campus-address source was independently verified for this row in this research pass; the review URL is only a starting point. Keep unresolved rather than infer a district.
393,"University School of Law and Legal Studies, GGSIPU",New Delhi,,Delhi,https://www.ipu.ac.in,,,,,,,,,,,,,unresolved,No first-party or government campus-address source was independently verified for this row in this research pass; the review URL is only a starting point. Keep unresolved rather than infer a district.
394,National Sports University,Imphal,,Manipur,https://www.nsu.ac.in,,,,,,,,,,,,,unresolved,No first-party or government campus-address source was independently verified for this row in this research pass; the review URL is only a starting point. Keep unresolved rather than infer a district.
395,Swarnim Gujarat Sports University,Gandhinagar,,Gujarat,https://www.sgsu.ac.in,,,,,,,,,,,,,unresolved,No first-party or government campus-address source was independently verified for this row in this research pass; the review URL is only a starting point. Keep unresolved rather than infer a district.
396,Tamil Nadu Physical Education and Sports University,Chennai,,Tamil Nadu,https://www.tnpesu.ac.in,,,,,,,,,,,,,unresolved,No first-party or government campus-address source was independently verified for this row in this research pass; the review URL is only a starting point. Keep unresolved rather than infer a district.
398,Guru Nanak Dev University,Amritsar,,Punjab,https://www.gndu.ac.in,,,,,,,,,,,,,unresolved,No first-party or government campus-address source was independently verified for this row in this research pass; the review URL is only a starting point. Keep unresolved rather than infer a district.
399,K11 Fitness Academy,Mumbai,,Maharashtra,https://www.k11academy.com,,,,,,,,,,,,,unresolved,No first-party or government campus-address source was independently verified for this row in this research pass; the review URL is only a starting point. Keep unresolved rather than infer a district.
400,ACFIT Academy (NASM India Partner),Mumbai,,Maharashtra,https://www.acfit.in,,,,,,,,,,,,,unresolved,No first-party or government campus-address source was independently verified for this row in this research pass; the review URL is only a starting point. Keep unresolved rather than infer a district.
401,Integrated Fitness and Sports Institute (IFSI),Mumbai,,Maharashtra,https://www.ifsi.in,,,,,,,,,,,,,unresolved,No first-party or government campus-address source was independently verified for this row in this research pass; the review URL is only a starting point. Keep unresolved rather than infer a district.
402,Classic Fitness Academy,Mumbai,,Maharashtra,https://www.classicfitnessacademy.com,,,,,,,,,,,,,unresolved,No first-party or government campus-address source was independently verified for this row in this research pass; the review URL is only a starting point. Keep unresolved rather than infer a district.
403,International Institute of Fitness Excellence and Management (IIFEM),New Delhi,,Delhi,https://www.iifem.com/,,,,,,,,,,,,,unresolved,No first-party or government campus-address source was independently verified for this row in this research pass; the review URL is only a starting point. Keep unresolved rather than infer a district.
404,Frankfinn Institute of Air Hostess Training,New Delhi,,Delhi,https://www.frankfinn.com,,,,,,,,,,,,,unresolved,No first-party or government campus-address source was independently verified for this row in this research pass; the review URL is only a starting point. Keep unresolved rather than infer a district.
406,Avalon Aviation Academy,Mumbai,,Maharashtra,https://www.avalonaviation.in,,,,,,,,,,,,,unresolved,No first-party or government campus-address source was independently verified for this row in this research pass; the review URL is only a starting point. Keep unresolved rather than infer a district.
407,Aptech Aviation Academy,Mumbai,,Maharashtra,https://www.aptechaviation.com,,,,,,,,,,,,,unresolved,No first-party or government campus-address source was independently verified for this row in this research pass; the review URL is only a starting point. Keep unresolved rather than infer a district.
408,School of Aeronautics,New Delhi,,Delhi,https://www.schoolofaeronautics.in,,,,,,,,,,,,,unresolved,No first-party or government campus-address source was independently verified for this row in this research pass; the review URL is only a starting point. Keep unresolved rather than infer a district.
409,"Rajiv Gandhi School of Intellectual Property Law, IIT Kharagpur",Kharagpur,,West Bengal,https://www.iitkgp.ac.in/department/IP,https://www.iitkgp.ac.in/,"IIT Kharagpur address: Kharagpur, India 721302.",,,,,,,,,,,unresolved,Official IIT Kharagpur source gives the parent institute postal address only; it does not explicitly establish this child department/school record's campus or administrative district.
412,National Institute for Empowerment of Persons with Multiple Disabilities,Chennai,,Tamil Nadu,https://niepmd.nic.in,,,,,,,,,,,,,unresolved,No first-party or government campus-address source was independently verified for this row in this research pass; the review URL is only a starting point. Keep unresolved rather than infer a district.
413,Ali Yavar Jung National Institute of Speech and Hearing Disabilities,Mumbai,,Maharashtra,https://ayjnishd.nic.in,,,,,,,,,,,,,unresolved,No first-party or government campus-address source was independently verified for this row in this research pass; the review URL is only a starting point. Keep unresolved rather than infer a district.
414,Jamia Millia Islamia - Department of Educational Studies,New Delhi,,Delhi,https://www.jmi.ac.in,,,,,,,,,,,,,unresolved,No first-party or government campus-address source was independently verified for this row in this research pass; the review URL is only a starting point. Keep unresolved rather than infer a district.
415,SNDT Women's University,Mumbai,,Maharashtra,https://www.sndt.edu.in,,,,,,,,,,,,,unresolved,No first-party or government campus-address source was independently verified for this row in this research pass; the review URL is only a starting point. Keep unresolved rather than infer a district.
416,Banaras Hindu University - Faculty of Education,Varanasi,,Uttar Pradesh,https://www.bhu.ac.in,,,,,,,,,,,,,unresolved,No first-party or government campus-address source was independently verified for this row in this research pass; the review URL is only a starting point. Keep unresolved rather than infer a district.
419,Amity Institute of Psychology and Allied Sciences,Noida,,Uttar Pradesh,https://www.amity.edu,,,,,,,,,,,,,unresolved,No first-party or government campus-address source was independently verified for this row in this research pass; the review URL is only a starting point. Keep unresolved rather than infer a district.
420,Jamia Millia Islamia - Department of Psychology,New Delhi,,Delhi,https://www.jmi.ac.in,,,,,,,,,,,,,unresolved,No first-party or government campus-address source was independently verified for this row in this research pass; the review URL is only a starting point. Keep unresolved rather than infer a district.
421,Christ University - Department of Psychology,Bengaluru,,Karnataka,https://christuniversity.in,,,,,,,,,,,,,unresolved,No first-party or government campus-address source was independently verified for this row in this research pass; the review URL is only a starting point. Keep unresolved rather than infer a district.
423,"Industrial Design Centre (IDC), IIT Bombay",Mumbai,,Maharashtra,https://www.idc.iitb.ac.in,https://iitb.ac.in/contact-us,"IIT Bombay mailing address: Powai, Mumbai 400076, Maharashtra.",,,,,,,,,,,unresolved,Official IIT Bombay source gives parent-institute mailing address only; it does not explicitly establish this department/centre record's campus or administrative district.
424,Whistling Woods International,Mumbai,,Maharashtra,https://www.whistlingwoods.net,,,,,,,,,,,,,unresolved,No first-party or government campus-address source was independently verified for this row in this research pass; the review URL is only a starting point. Keep unresolved rather than infer a district.
426,MIT Institute of Design,Pune,,Maharashtra,https://www.mitid.edu.in,,,,,,,,,,,,,unresolved,No first-party or government campus-address source was independently verified for this row in this research pass; the review URL is only a starting point. Keep unresolved rather than infer a district.
427,Centurion Defence Academy,Lucknow,,Uttar Pradesh,https://www.centuriondefence.in,,,,,,,,,,,,,unresolved,No first-party or government campus-address source was independently verified for this row in this research pass; the review URL is only a starting point. Keep unresolved rather than infer a district.
428,Doon Defence Academy,Dehradun,,Uttarakhand,https://www.doondefenceacademy.com,,,,,,,,,,,,,unresolved,No first-party or government campus-address source was independently verified for this row in this research pass; the review URL is only a starting point. Keep unresolved rather than infer a district.
429,Delta Defence Academy,Dehradun,,Uttarakhand,https://www.deltadefenceacademy.com,,,,,,,,,,,,,unresolved,No first-party or government campus-address source was independently verified for this row in this research pass; the review URL is only a starting point. Keep unresolved rather than infer a district.
430,Target Defence Academy,Lucknow,,Uttar Pradesh,https://www.targetdefenceacademy.com,,,,,,,,,,,,,unresolved,No first-party or government campus-address source was independently verified for this row in this research pass; the review URL is only a starting point. Keep unresolved rather than infer a district.
431,Trident Academy,Pune,,Maharashtra,https://www.tridentacademy.in,,,,,,,,,,,,,unresolved,No first-party or government campus-address source was independently verified for this row in this research pass; the review URL is only a starting point. Keep unresolved rather than infer a district.
432,SAFAL Academy,New Delhi,,Delhi,https://www.safalacademy.com,,,,,,,,,,,,,unresolved,No first-party or government campus-address source was independently verified for this row in this research pass; the review URL is only a starting point. Keep unresolved rather than infer a district.
435,Jindal Global Law School,Sonipat,,Haryana,https://jgls.edu.in,,,,,,,,,,,,,unresolved,No first-party or government campus-address source was independently verified for this row in this research pass; the review URL is only a starting point. Keep unresolved rather than infer a district.
442,Indian Institute of Technology Kanpur,Kanpur,,Uttar Pradesh,https://www.iitk.ac.in,https://www.iitk.ac.in/public-information,"IIT Kanpur, Kalyanpur, Kanpur 208016, Uttar Pradesh (address for Registrar/CPIO; page says matters cover institute departments/centres).",government_institute_directory,https://master-dsir.digifootprint.gov.in/static/uploads/2025/10/9a3291e5a98935a2f7d222b9d127ab48.pdf,"Government DSIR directory lists IHUB NTIHAC Foundation at C3i Building, IIT-Kanpur Campus, Kalyanpur, Kanpur Nagar 208016, Uttar Pradesh.",,,,,High: first-party institute/campus address and independent government/official evidence establish the same physical campus and district/state.,Kanpur Nagar,157,resolved_explicit,
444,Indian Institute of Technology Bombay,Mumbai,,Maharashtra,https://www.iitb.ac.in,https://iitb.ac.in/contact-us,"IIT Bombay mailing address: Powai, Mumbai 400076, Maharashtra.",official_postal_lookup,https://www.indiapost.gov.in/VAS/Pages/LocatePostOffices.aspx?Pin=Uc4+3GEdajI%3D,"India Post Locate Post Offices result for PIN 400076: Powai IIT SO; location Mumbai Suburban district, Maharashtra State.",https://www.indiapost.gov.in/VAS/Pages/LocatePostOffices.aspx?Pin=Uc4+3GEdajI%3D,Powai IIT SO,Mumbai Suburban,Maharashtra,"High: IIT Bombay first-party address gives Powai, Mumbai 400076; India Post returns Powai IIT SO at that PIN in Mumbai Suburban district, Maharashtra.",Mumbai Suburban,483,resolved_explicit,
450,Bennett University,Greater Noida,,Uttar Pradesh,https://www.bennett.edu.in,,,,,,,,,,,,,unresolved,No first-party or government campus-address source was independently verified for this row in this research pass; the review URL is only a starting point. Keep unresolved rather than infer a district.
451,SRM Institute of Science and Technology,Chennai,,Tamil Nadu,https://www.srmist.edu.in,,,,,,,,,,,,,unresolved,No first-party or government campus-address source was independently verified for this row in this research pass; the review URL is only a starting point. Keep unresolved rather than infer a district.
452,IIT Kanpur - E&ICT Academy,Kanpur,,Uttar Pradesh,https://www.iitk.ac.in,,,,,,,,,,,,,unresolved,No first-party or government campus-address source was independently verified for this row in this research pass; the review URL is only a starting point. Keep unresolved rather than infer a district.
455,IIT Guwahati - Centre for Drone Technology,Guwahati,,Assam,https://www.iitg.ac.in,,,,,,,,,,,,,unresolved,No first-party or government campus-address source was independently verified for this row in this research pass; the review URL is only a starting point. Keep unresolved rather than infer a district.
456,IITRAM Ahmedabad,Ahmedabad,,Gujarat,https://www.iitram.ac.in,,,,,,,,,,,,,unresolved,No first-party or government campus-address source was independently verified for this row in this research pass; the review URL is only a starting point. Keep unresolved rather than infer a district.
457,Vel Tech Chennai,Chennai,,Tamil Nadu,https://www.veltech.edu.in,,,,,,,,,,,,,unresolved,No first-party or government campus-address source was independently verified for this row in this research pass; the review URL is only a starting point. Keep unresolved rather than infer a district.
458,Indian Institute of Drone Technology (IIDT),Sehore,,Madhya Pradesh,https://www.iidt.edu.in,,,,,,,,,,,,,unresolved,No first-party or government campus-address source was independently verified for this row in this research pass; the review URL is only a starting point. Keep unresolved rather than infer a district.
459,Presidency University,Bangalore,,Karnataka,https://presidencyuniversity.in,,,,,,,,,,,,,unresolved,No first-party or government campus-address source was independently verified for this row in this research pass; the review URL is only a starting point. Keep unresolved rather than infer a district.
460,IIT Madras - CBEEV,Chennai,,Tamil Nadu,https://www.iitm.ac.in,https://www.iitm.ac.in/contact,"Indian Institute of Technology Madras, IIT P.O., Chennai 600036.",,,,,,,,,,,unresolved,Official IIT Madras source gives parent-institute address only; it does not explicitly establish this department/programme record's campus or administrative district.
461,IIT Delhi - CART,New Delhi,,Delhi,https://www.iitd.ac.in,https://home.iitd.ac.in/contact.php,"IIT Delhi main campus: Hauz Khas, New Delhi 110016; source separately lists Sonipat campus at Rajiv Gandhi Education City, Kundli, Sonipat 131028.",,,,,,,,,,,unresolved,"Official IIT Delhi page lists the Hauz Khas and Sonipat campuses, but does not identify this record's campus or its administrative district."
462,National Institute of Technology Calicut,Kozhikode,,Kerala,https://www.nitc.ac.in,,,,,,,,,,,,,unresolved,No first-party or government campus-address source was independently verified for this row in this research pass; the review URL is only a starting point. Keep unresolved rather than infer a district.
463,Delhi Technological University,New Delhi,,Delhi,https://www.dtu.ac.in,,,,,,,,,,,,,unresolved,No first-party or government campus-address source was independently verified for this row in this research pass; the review URL is only a starting point. Keep unresolved rather than infer a district.
464,Chandigarh University,Mohali,,Punjab,https://www.cuchd.in,,,,,,,,,,,,,unresolved,No first-party or government campus-address source was independently verified for this row in this research pass; the review URL is only a starting point. Keep unresolved rather than infer a district.
465,IIT Bombay - Department of Energy Science and Engineering,Mumbai,,Maharashtra,https://www.iitb.ac.in,https://iitb.ac.in/contact-us,"IIT Bombay mailing address: Powai, Mumbai 400076, Maharashtra.",,,,,,,,,,,unresolved,Official IIT Bombay source gives parent-institute mailing address only; it does not explicitly establish this department/centre record's campus or administrative district.
466,National Institute of Solar Energy (NISE),Gurugram,,Haryana,https://www.nise.res.in,,,,,,,,,,,,,unresolved,No first-party or government campus-address source was independently verified for this row in this research pass; the review URL is only a starting point. Keep unresolved rather than infer a district.
467,TERI School of Advanced Studies,New Delhi,,Delhi,https://www.teri.res.in,,,,,,,,,,,,,unresolved,No first-party or government campus-address source was independently verified for this row in this research pass; the review URL is only a starting point. Keep unresolved rather than infer a district.
468,Indian Institute of Technology Roorkee,Roorkee,,Uttarakhand,https://www.iitr.ac.in,,,,,,,,,,,,,unresolved,No first-party or government campus-address source was independently verified for this row in this research pass; the review URL is only a starting point. Keep unresolved rather than infer a district.
469,Garuda Aerospace RPTO,Chennai,,Tamil Nadu,https://www.garudaaerospace.com,,,,,,,,,,,,,unresolved,No first-party or government campus-address source was independently verified for this row in this research pass; the review URL is only a starting point. Keep unresolved rather than infer a district.
471,Pavaman Aviation RPTO,Hyderabad,,Telangana,https://www.pavamanaero.com,,,,,,,,,,,,,unresolved,No first-party or government campus-address source was independently verified for this row in this research pass; the review URL is only a starting point. Keep unresolved rather than infer a district.
472,Berry Avionics RPTO,Pune,,Maharashtra,https://www.berryavionics.com,,,,,,,,,,,,,unresolved,No first-party or government campus-address source was independently verified for this row in this research pass; the review URL is only a starting point. Keep unresolved rather than infer a district.
473,DroneAcharya RPTO at IIT Ropar,Ropar,,Punjab,https://www.droneacharya.com,,,,,,,,,,,,,unresolved,No first-party or government campus-address source was independently verified for this row in this research pass; the review URL is only a starting point. Keep unresolved rather than infer a district.
477,IIT Kharagpur - Agricultural & Food Engineering,Kharagpur,,West Bengal,https://www.iitkgp.ac.in,https://www.iitkgp.ac.in/,"IIT Kharagpur address: Kharagpur, India 721302.",,,,,,,,,,,unresolved,Official IIT Kharagpur source gives the parent institute postal address only; it does not explicitly establish this child department/school record's campus or administrative district.
478,MANAGE Hyderabad,Hyderabad,,Telangana,https://www.manage.gov.in,,,,,,,,,,,,,unresolved,No first-party or government campus-address source was independently verified for this row in this research pass; the review URL is only a starting point. Keep unresolved rather than infer a district.
479,IIM Lucknow - PGP-SM,Noida,,Uttar Pradesh,https://www.iiml.ac.in,,,,,,,,,,,,,unresolved,No first-party or government campus-address source was independently verified for this row in this research pass; the review URL is only a starting point. Keep unresolved rather than infer a district.
480,Indian Institute of Corporate Affairs (IICA),Manesar,,Haryana,https://www.iica.in,,,,,,,,,,,,,unresolved,No first-party or government campus-address source was independently verified for this row in this research pass; the review URL is only a starting point. Keep unresolved rather than infer a district.
483,TERI - The Energy and Resources Institute,New Delhi,,Delhi,https://www.teri.res.in,,,,,,,,,,,,,unresolved,No first-party or government campus-address source was independently verified for this row in this research pass; the review URL is only a starting point. Keep unresolved rather than infer a district.
484,Indian Green Building Council (IGBC),Hyderabad,,Telangana,https://www.igbc.in,,,,,,,,,,,,,unresolved,No first-party or government campus-address source was independently verified for this row in this research pass; the review URL is only a starting point. Keep unresolved rather than infer a district.
544,Maharaja Ganga Singh Dental College & Research Centre,Sri Ganganagar,Sri Ganganagar,Rajasthan,https://mgsdentalcollege.org/,,,,,,,,,,,,,unresolved,The original district label has no exact match in the current LGD master; an authoritative spelling or administrative-boundary crosswalk is still needed.
578,Surendera Dental College and Research Institute,Ganganagar,Sri Ganganagar,Rajasthan,https://sdcri.in/,,,,,,,,,,,,,unresolved,The original district label has no exact match in the current LGD master; an authoritative spelling or administrative-boundary crosswalk is still needed.
600,"Govt. P.G. College, Dhaulpur",Dhaulpur,Dhaulpur,Rajasthan,https://dceapp.rajasthan.gov.in/,,,,,,,,,,,,,unresolved,The original district label has no exact match in the current LGD master; an authoritative spelling or administrative-boundary crosswalk is still needed.
610,Ch. Balluram Godara Government Girls College,Sri Ganganagar,Sri Ganganagar,Rajasthan,https://dceapp.rajasthan.gov.in/,,,,,,,,,,,,,unresolved,The original district label has no exact match in the current LGD master; an authoritative spelling or administrative-boundary crosswalk is still needed.
651,"Govt. College, Kasrawad",kasrawad,Khargone,Madhya Pradesh,https://highereducation.mp.gov.in/?orgid=258,,,,,,,,,,,,,unresolved,The original district label has no exact match in the current LGD master; an authoritative spelling or administrative-boundary crosswalk is still needed.
678,All India Institute of Medical Sciences Raebareli,Raebareli,Raebareli,Uttar Pradesh,https://www.aiimsrbl.edu.in,,,,,,,,,,,,,unresolved,The original district label has no exact match in the current LGD master; an authoritative spelling or administrative-boundary crosswalk is still needed.
687,"CHAUDHARY CHARAN SINGH DEGREE COLLEGE, HEWARA,","Saifai, Etawah District",Etawah District,Uttar Pradesh,https://www.ccspg.org/,,,,,,,,,,,,,unresolved,The original district label has no exact match in the current LGD master; an authoritative spelling or administrative-boundary crosswalk is still needed.
711,Shri Ramswaroop Memorial University,Barabanki,Barabanki,Uttar Pradesh,https://srmu.ac.in/,,,,,,,,,,,,,unresolved,The original district label has no exact match in the current LGD master; an authoritative spelling or administrative-boundary crosswalk is still needed.
716,"Government Polytechnic, Kursi Road, Barabanki",Barabanki,Barabanki,Uttar Pradesh,https://gpkursibbk.com/,,,,,,,,,,,,,unresolved,The original district label has no exact match in the current LGD master; an authoritative spelling or administrative-boundary crosswalk is still needed.
721,Indian Institute of Technology Guwahati,Guwahati,,Assam,https://www.iitg.ac.in,https://www.iitg.ac.in/medical/policy2024.pdf,"National Insurance policy schedule names Indian Institute of Technology Guwahati and gives City Guwahati, District Kamrup Metro, Assam, PIN 781039.",,,,,,,,,Kamrup Metro,618,resolved_explicit,
722,Indian Institute of Technology Bhubaneswar,Bhubaneswar,,Odisha,https://www.iitbbs.ac.in,https://www.iitbbs.ac.in/index.php/home/how-to-reach-2/,"IIT Bhubaneswar says its permanent campus is at Argul near Jatani in Khordha district, Odisha; its address is Argul, Khordha, Odisha 752050.",,,,,,,,,Khordha,362,resolved_explicit,
723,Indian Institute of Technology Hyderabad,Hyderabad,,Telangana,https://www.iith.ac.in,https://iith.ac.in/contact_us/,"IIT Hyderabad's contact page gives the campus address at Kandi, Sangareddy, Telangana 502284, but does not label Sangareddy as the administrative district; no city-to-district inference made.",,,,,,,,,,,unresolved,District is not explicitly named.
724,Indian Institute of Technology Patna,Patna,,Bihar,https://www.iitp.ac.in,https://www.iitp.ac.in/images/pdf/EoI_IITPIWDEoI012023.pdf,"IIT Patna campus is stated to be at Block Bihta, District Patna, Bihar, PIN 801106.",,,,,,,,,Patna,212,resolved_explicit,
725,Indian Institute of Technology Gandhinagar,Gandhinagar,,Gujarat,https://www.iitgn.ac.in,,,,,,,,,,,,,unresolved,No first-party or government source verified here explicitly naming the administrative district for the exact campus; city or postal address alone was not used to infer one.
726,Indian Institute of Technology Ropar,Rupnagar,,Punjab,https://www.iitrpr.ac.in,https://www.iitrpr.ac.in/sites/default/files/rti%20replies%2003.2024.pdf,"IIT Ropar's official RTI reply identifies the institute as located in Rupnagar district, Punjab.",,,,,,,,,Rupnagar,42,resolved_explicit,
727,Indian Institute of Technology Mandi,Mandi,,Himachal Pradesh,https://www.iitmandi.ac.in,https://sps.iitmandi.ac.in/campus.php,"IIT Mandi identifies its South campus near Kamand and North campus near Salgi in Mandi tehsil of district Mandi, Himachal Pradesh.",,,,,,,,,Mandi,22,resolved_explicit,
728,Indian Institute of Technology (Banaras Hindu University) Varanasi,Varanasi,,Uttar Pradesh,https://www.iitbhu.ac.in,,,,,,,,,,,,,unresolved,No first-party or government source verified here explicitly naming the administrative district for the exact campus; city or postal address alone was not used to infer one.
729,Indian Institute of Technology Palakkad,Palakkad,,Kerala,https://iitpkd.ac.in,https://iitpkd.ac.in/sites/default/files/2023-07/WEBBrochure2023.pdf ; https://iitpkd.ac.in/faqs-btechfreshers,IIT Palakkad's official brochure identifies its permanent campus in Palakkad district; the institute FAQ states it has fully moved to its permanent Kanjikode campus.,,,,,,,,,Palakkad,563,resolved_explicit,
730,Indian Institute of Technology Tirupati,Tirupati,,Andhra Pradesh,https://www.iittp.ac.in,https://www.iittp.ac.in/contact-iit,"IIT Tirupati's official contact address names Yerpedu Post, Tirupati District, Andhra Pradesh, PIN 517619.",,,,,,,,,Tirupati,752,resolved_explicit,
731,Indian Institute of Technology Bhilai,Durg,,Chhattisgarh,https://www.iitbhilai.ac.in,https://iitbhilai.ac.in/index.php?pid=aca_ourcampus,"IIT Bhilai identifies its permanent campus at Kutelabhata village, District Durg, Chhattisgarh.",,,,,,,,,Durg,378,resolved_explicit,
732,Indian Institute of Technology Goa,Ponda,,Goa,https://www.iitgoa.ac.in,,,,,,,,,,,,,unresolved,No first-party or government source verified here explicitly naming the administrative district for the exact campus; city or postal address alone was not used to infer one.
733,Indian Institute of Technology Jammu,Jammu,,Jammu and Kashmir,https://www.iitjammu.ac.in,,,,,,,,,,,,,unresolved,No first-party or government source verified here explicitly naming the administrative district for the exact campus; city or postal address alone was not used to infer one.
734,Indian Institute of Technology Dharwad,Dharwad,,Karnataka,https://www.iitdh.ac.in,,,,,,,,,,,,,unresolved,No first-party or government source verified here explicitly naming the administrative district for the exact campus; city or postal address alone was not used to infer one.
735,Indian Institute of Management Mumbai,Mumbai,,Maharashtra,https://www.iimmumbai.ac.in,,,,,,,,,,,,,unresolved,No first-party or government source verified here explicitly naming the administrative district for the exact campus; city or postal address alone was not used to infer one.
736,Indian Institute of Management Raipur,Raipur,,Chhattisgarh,https://www.iimraipur.ac.in,,,,,,,,,,,,,unresolved,No first-party or government source verified here explicitly naming the administrative district for the exact campus; city or postal address alone was not used to infer one.
737,Indian Institute of Management Rohtak,Rohtak,,Haryana,https://www.iimrohtak.ac.in,,,,,,,,,,,,,unresolved,No first-party or government source verified here explicitly naming the administrative district for the exact campus; city or postal address alone was not used to infer one.
738,Indian Institute of Management Kashipur,Kashipur,,Uttarakhand,https://www.iimkashipur.ac.in,https://www.iimkashipur.ac.in/contact-us,"IIM Kashipur lists its Main Campus at Kundeshwari, Kashipur, District Udham Singh Nagar, Uttarakhand 244713.",,,,,,,,,Udham Singh Nagar,56,resolved_explicit,
739,Indian Institute of Management Visakhapatnam,Visakhapatnam,,Andhra Pradesh,https://www.iimv.ac.in,https://iimv.ac.in/donation,"IIM Visakhapatnam's contact address is Gambheeram Village, Anandapuram Mandal, Visakhapatnam District, Andhra Pradesh 531163.",,,,,,,,,Visakhapatnam,520,resolved_explicit,
740,Indian Institute of Management Bodh Gaya,Gaya,,Bihar,https://www.iimbg.ac.in,https://iimbg.ac.in/wp-content/uploads/2022/02/NIT-for-Providing-Apartment-on-Rent-to-IIM-Bodh-Gaya-as-Staff-Residential-Complex-at-Bodh-Gaya-2.pdf,"IIM Bodh Gaya tender address names Uruvela, Prabandh Vihar, Bodh Gaya, District Gaya, Bihar 824234.",,,,,,,,,Gaya,196,resolved_explicit,
741,Indian Institute of Management Jammu,Jammu,,Jammu and Kashmir,https://www.iimj.ac.in,https://www.iimj.ac.in/how-reach.php,"IIM Jammu's how-to-reach page says Jagti, the main-campus location, is in Jammu tehsil of Jammu district.",,,,,,,,,Jammu,5,resolved_explicit,
742,Indian Institute of Management Sambalpur,Sambalpur,,Odisha,https://www.iimsambalpur.ac.in,https://iimsambalpur.ac.in/wp-content/uploads/2025/08/Tender%20for%20the%20Selection%20of%20PMC%20for%20IIM%20Sambalpur%20Phase-II%20Work.pdf,IIM Sambalpur identifies its permanent campus land at Basantpur village in Sambalpur District and states it has operated fully at that campus since the 2023-25 batch.,,,,,,,,,Sambalpur,371,resolved_explicit,
743,Indian Institute of Management Shillong,Shillong,,Meghalaya,https://www.iimshillong.ac.in,https://www.iimshillong.ac.in/contact/,"IIM Shillong's contact address is Umsawli, Shillong, East Khasi Hills District, Meghalaya 793018.",,,,,,,,,East Khasi Hills,274,resolved_explicit,
744,Indian Institute of Management Sirmaur,Sirmaur,,Himachal Pradesh,https://www.iimsirmaur.ac.in,https://iimsirmaur.ac.in/iim-sirmaur-campus-0,"IIM Sirmaur identifies its permanent campus at Dhaula Kuan in Sirmaur district, Himachal Pradesh.",,,,,,,,,Sirmaur,24,resolved_explicit,
745,Indian Institute of Management Amritsar,Amritsar,,Punjab,https://www.iimamritsar.ac.in,,,,,,,,,,,,,unresolved,No first-party or government source verified here explicitly naming the administrative district for the exact campus; city or postal address alone was not used to infer one.
746,Indian Institute of Management Guwahati,Guwahati,,Assam,,,,,,,,,,,,,,unresolved,No first-party or government source verified here explicitly naming the administrative district for the exact campus; city or postal address alone was not used to infer one.
747,All India Institute of Medical Sciences Bhopal,Bhopal,,Madhya Pradesh,https://www.aiimsbhopal.edu.in,,,,,,,,,,,,,unresolved,No first-party or government source verified here explicitly naming the administrative district for the exact campus; city or postal address alone was not used to infer one.
748,All India Institute of Medical Sciences Bhubaneswar,Khordha,,Odisha,https://aiimsbhubaneswar.nic.in,,,,,,,,,,,,,unresolved,No first-party or government source verified here explicitly naming the administrative district for the exact campus; city or postal address alone was not used to infer one.
749,All India Institute of Medical Sciences Patna,Patna,,Bihar,https://aiimspatna.edu.in,,,,,,,,,,,,,unresolved,No first-party or government source verified here explicitly naming the administrative district for the exact campus; city or postal address alone was not used to infer one.
750,All India Institute of Medical Sciences Raipur,Raipur,,Chhattisgarh,https://aiimsraipur.edu.in,,,,,,,,,,,,,unresolved,No first-party or government source verified here explicitly naming the administrative district for the exact campus; city or postal address alone was not used to infer one.
751,All India Institute of Medical Sciences Rishikesh,Rishikesh,,Uttarakhand,https://aiimsrishikesh.edu.in,,,,,,,,,,,,,unresolved,No first-party or government source verified here explicitly naming the administrative district for the exact campus; city or postal address alone was not used to infer one.
752,All India Institute of Medical Sciences Mangalagiri,Mangalagiri,,Andhra Pradesh,https://www.aiimsmangalagiri.edu.in,,,,,,,,,,,,,unresolved,No first-party or government source verified here explicitly naming the administrative district for the exact campus; city or postal address alone was not used to infer one.
753,All India Institute of Medical Sciences Guwahati,Guwahati,,Assam,https://aiimsguwahati.ac.in,https://www.aiimsguwahati.ac.in/page/about,"AIIMS Guwahati says its main campus is at Changsari, Kamrup (Rural) District, Assam; the current LGD master has no exact Kamrup (Rural) district entry, so no alias to Kamrup was applied.",,,,,,,,,,,unresolved,"the current LGD master has no exact Kamrup (Rural) district entry, so no alias to Kamrup was applied."
755,All India Institute of Medical Sciences Rajkot,Rajkot,,Gujarat,https://www.aiimsrajkot.edu.in,https://recruite.aiimsrajkot.edu.in/upload/Revised%20Group%20A%20NF%20Recruitment%20notification%20advertisement.pdf,"AIIMS Rajkot recruitment notice gives the permanent campus address at V.P.O. Khanderi, Rajkot District, Gujarat 360110.",,,,,,,,,Rajkot,457,resolved_explicit,
757,All India Institute of Medical Sciences Bilaspur,Bilaspur,,Himachal Pradesh,https://www.aiimsbilaspur.edu.in,,,,,,,,,,,,,unresolved,No first-party or government source verified here explicitly naming the administrative district for the exact campus; city or postal address alone was not used to infer one.
758,All India Institute of Medical Sciences Jammu,Vijaypur,,Jammu and Kashmir,https://www.aiimsjammu.edu.in,https://www.aiimsjammu.edu.in/social-events/,AIIMS Jammu's official page describes the institute at Vijaypur in Samba district.,,,,,,,,,Samba,624,resolved_explicit,
760,All India Institute of Medical Sciences Deoghar,Deoghar,,Jharkhand,https://www.aiimsdeoghar.edu.in,,,,,,,,,,,,,unresolved,No first-party or government source verified here explicitly naming the administrative district for the exact campus; city or postal address alone was not used to infer one.
761,All India Institute of Medical Sciences Nagpur,Nagpur,,Maharashtra,https://www.aiimsnagpur.edu.in,https://aiimsnagpur.edu.in/writereaddata/AIIMS/files/167653291763eddcb504fcfBMW_Annual_Return_2022.pdf,"AIIMS Nagpur's official facility annual return gives the facility address at MIHAN, Nagpur and explicitly lists District Nagpur, Maharashtra, PIN 441108.",,,,,,,,,Nagpur,484,resolved_explicit,
762,All India Institute of Medical Sciences Bathinda,Bathinda,,Punjab,https://www.aiimsbathinda.edu.in,,,,,,,,,,,,,unresolved,No first-party or government source verified here explicitly naming the administrative district for the exact campus; city or postal address alone was not used to infer one.
763,All India Institute of Medical Sciences Madurai,Madurai,,Tamil Nadu,https://www.aiimsmadurai.edu.in,,,,,,,,,,,,,unresolved,No first-party or government source verified here explicitly naming the administrative district for the exact campus; city or postal address alone was not used to infer one.
764,All India Institute of Medical Sciences Bibinagar,Bibinagar,,Telangana,https://aiimsbibinagar.edu.in,,,,,,,,,,,,,unresolved,No first-party or government source verified here explicitly naming the administrative district for the exact campus; city or postal address alone was not used to infer one.
765,All India Institute of Medical Sciences Gorakhpur,Gorakhpur,,Uttar Pradesh,https://aiimsgorakhpur.edu.in,,,,,,,,,,,,,unresolved,No first-party or government source verified here explicitly naming the administrative district for the exact campus; city or postal address alone was not used to infer one.
766,All India Institute of Medical Sciences Kalyani,Kalyani,,West Bengal,https://www.aiimskalyani.edu.in,,,,,,,,,,,,,unresolved,No first-party or government source verified here explicitly naming the administrative district for the exact campus; city or postal address alone was not used to infer one.
767,Indian Institute of Science Education and Research Kolkata,Mohanpur,,West Bengal,https://www.iiserkol.ac.in,https://www.iiserkol.ac.in/rtiqa/pdf/2023-24-1st-Quater.pdf,"IISER Kolkata's official RTI response states that its campus is situated in Nadia district, West Bengal.",,,,,,,,,Nadia,320,resolved_explicit,
768,Indian Institute of Science Education and Research Pune,Pune,,Maharashtra,https://www.iiserpune.ac.in,,,,,,,,,,,,,unresolved,No first-party or government source verified here explicitly naming the administrative district for the exact campus; city or postal address alone was not used to infer one.
769,Indian Institute of Science Education and Research Mohali,Mohali,,Punjab,https://www.iisermohali.ac.in,,,,,,,,,,,,,unresolved,No first-party or government source verified here explicitly naming the administrative district for the exact campus; city or postal address alone was not used to infer one.
770,Indian Institute of Science Education and Research Thiruvananthapuram,Thiruvananthapuram,,Kerala,https://www.iisertvm.ac.in,https://conference.iisertvm.ac.in/cnsd2026/venue/,"IISER TVM's institute-hosted conference venue page identifies the IISER campus at Vithura village in Thiruvananthapuram district, Kerala.",,,,,,,,,Thiruvananthapuram,565,resolved_explicit,
771,Indian Institute of Science Education and Research Tirupati,Tirupati,,Andhra Pradesh,https://www.iisertirupati.ac.in,https://www.iisertirupati.ac.in/wp-content/uploads/2026/05/NOTICE-and-Instructions-to-all-candidates-Advt-24-2025.pdf,"IISER Tirupati's official examination notice gives the campus venue at Srinivasapuram-Jangalapalli, Yerpedu Mandal, Tirupati District, Andhra Pradesh.",,,,,,,,,Tirupati,752,resolved_explicit,
772,Indian Institute of Science Education and Research Berhampur,Berhampur,,Odisha,https://www.iiserbpr.ac.in,https://www.iiserbpr.ac.in/contact_us,"IISER Berhampur lists its Permanent Campus at Laudigam, Konisi, District Ganjam, Odisha 760003.",,,,,,,,,Ganjam,354,resolved_explicit,
773,National Institute of Science Education and Research,Jatni,,Odisha,https://www.niser.ac.in,https://www.niser.ac.in/content/vol-disc,"NISER's official disclosure lists the Jatni Campus, PO Bhimpur-Padanpur, via Jatni, District Khordha, Odisha 752050.",,,,,,,,,Khordha,362,resolved_explicit,
774,National Institute of Pharmaceutical Education and Research Ahmedabad,Gandhinagar,,Gujarat,https://niperahm.ac.in,,,,,,,,,,,,,unresolved,No first-party or government source verified here explicitly naming the administrative district for the exact campus; city or postal address alone was not used to infer one.
775,National Institute of Pharmaceutical Education and Research Hyderabad,Hyderabad,,Telangana,https://www.niperhyd.ac.in,,,,,,,,,,,,,unresolved,No first-party or government source verified here explicitly naming the administrative district for the exact campus; city or postal address alone was not used to infer one.
776,National Institute of Pharmaceutical Education and Research Kolkata,Kolkata,,West Bengal,https://niperkolkata.edu.in,,,,,,,,,,,,,unresolved,No first-party or government source verified here explicitly naming the administrative district for the exact campus; city or postal address alone was not used to infer one.
777,National Institute of Pharmaceutical Education and Research Guwahati,Guwahati,,Assam,https://www.niperguwahati.ac.in,https://www.niper.gov.in/niperjee2026/include/Masters_Brochure.pdf,"NIPER Guwahati's official brochure places its permanent campus at Changsari, District Kamrup, Assam.",,,,,,,,,Kamrup,291,resolved_explicit,
778,National Institute of Pharmaceutical Education and Research Raebareli,Lucknow,,Uttar Pradesh,https://www.niperraebareli.edu.in,,,,,,,,,,,,,unresolved,No first-party or government source verified here explicitly naming the administrative district for the exact campus; city or postal address alone was not used to infer one.
779,National Institute of Pharmaceutical Education and Research Hajipur,Hajipur,,Bihar,https://niperhajipur.ac.in,,,,,,,,,,,,,unresolved,No first-party or government source verified here explicitly naming the administrative district for the exact campus; city or postal address alone was not used to infer one.
780,National Institute of Design Andhra Pradesh,Amaravati,,Andhra Pradesh,https://nid.ac.in,,,,,,,,,,,,,unresolved,No first-party or government source verified here explicitly naming the administrative district for the exact campus; city or postal address alone was not used to infer one.
781,National Institute of Design Madhya Pradesh,Bhopal,,Madhya Pradesh,https://nidmp.ac.in,,,,,,,,,,,,,unresolved,No first-party or government source verified here explicitly naming the administrative district for the exact campus; city or postal address alone was not used to infer one.
782,National Institute of Design Assam,Jorhat,,Assam,https://nidj.ac.in,,,,,,,,,,,,,unresolved,No first-party or government source verified here explicitly naming the administrative district for the exact campus; city or postal address alone was not used to infer one.
783,National Institute of Food Technology Entrepreneurship and Management Thanjavur,Thanjavur,,Tamil Nadu,https://www.niftem-t.ac.in,,,,,,,,,,,,,unresolved,No first-party or government source verified here explicitly naming the administrative district for the exact campus; city or postal address alone was not used to infer one.
784,Institute of Teaching and Research in Ayurveda,Jamnagar,,Gujarat,https://www.itra.edu.in,,,,,,,,,,,,,unresolved,No first-party or government source verified here explicitly naming the administrative district for the exact campus; city or postal address alone was not used to infer one.
785,Rashtriya Raksha University,Gandhinagar,,Gujarat,https://www.rru.ac.in,,,,,,,,,,,,,unresolved,No first-party or government source verified here explicitly naming the administrative district for the exact campus; city or postal address alone was not used to infer one.
786,National Institute of Technology Agartala,Agartala,,Tripura,https://www.nita.ac.in,https://nita.ac.in/Department/Department_FacultyProfile.aspx?nDeptID=caasc&nID=cagec,"NIT Agartala's official faculty address identifies the institute address at Barjala, Jirania, West Tripura District, Tripura, PIN 799046.",,,,,,,,,West Tripura,272,resolved_explicit,
787,National Institute of Technology Mizoram,Aizawl,,Mizoram,https://www.nitmz.ac.in,,,,,,,,,,,,,unresolved,No first-party or government source verified here explicitly naming the administrative district for the exact campus; city or postal address alone was not used to infer one.
788,Motilal Nehru National Institute of Technology Allahabad,Prayagraj,,Uttar Pradesh,https://www.mnnit.ac.in,,,,,,,,,,,,,unresolved,No first-party or government source verified here explicitly naming the administrative district for the exact campus; city or postal address alone was not used to infer one.
789,National Institute of Technology Delhi,Delhi,,Delhi,https://nitdelhi.ac.in,,,,,,,,,,,,,unresolved,No first-party or government source verified here explicitly naming the administrative district for the exact campus; city or postal address alone was not used to infer one.
790,National Institute of Technology Nagaland,Dimapur,,Nagaland,https://www.nitnagaland.ac.in,https://www.nitnagaland.ac.in/index.php/facilities/post-office,"NIT Nagaland office postal address names Chumukedima post office and Chumukedima-District, Nagaland 797103; the LGD master spells the district Chumoukedima, and no official crosswalk was verified.",,,,,,,,,,,unresolved,"Official district spelling does not exactly match the LGD master, and no government crosswalk was verified."
791,National Institute of Technology Durgapur,Durgapur,,West Bengal,https://nitdgp.ac.in,https://nitdgp.ac.in/uploads/old/information/tender/2020/edited_pharmacy_eoi_1_1.pdf,"NIT Durgapur's official tender mailing address is Durgapur 713209, District Paschim Bardhaman, West Bengal.",,,,,,,,,Paschim Bardhaman,704,resolved_explicit,
792,National Institute of Technology Uttarakhand,Srinagar (Garhwal),,Uttarakhand,https://www.nituk.ac.in,https://www.nituk.ac.in/uploads/topics/17026476225500.pdf,"NIT Uttarakhand's official notice identifies its Srinagar Campus at Srinagar (Garhwal), District Pauri Garhwal, Uttarakhand.",,,,,,,,,Pauri Garhwal,52,resolved_explicit,
793,National Institute of Technology Goa,Cuncolim,,Goa,https://www.nitgoa.ac.in,,,,,,,,,,,,,unresolved,No first-party or government source verified here explicitly naming the administrative district for the exact campus; city or postal address alone was not used to infer one.
794,National Institute of Technology Hamirpur,Hamirpur,,Himachal Pradesh,https://www.nith.ac.in,https://nith.ac.in/index.php/connectivity,"NIT Hamirpur's official connectivity page identifies its campus at Anu in Hamirpur district, Himachal Pradesh.",,,,,,,,,Hamirpur,17,resolved_explicit,
795,National Institute of Technology Manipur,Imphal,,Manipur,https://nitmanipur.ac.in,https://nitmanipur.ac.in/DisplayPage.aspx?page=ckaeeq,"NIT Manipur's FAQ locates the institute at Langol, Imphal West District, PO Lamphelpat 795004.",,,,,,,,,Imphal West,256,resolved_explicit,
796,Dr B R Ambedkar National Institute of Technology Jalandhar,Jalandhar,,Punjab,https://www.nitj.ac.in,,,,,,,,,,,,,unresolved,No first-party or government source verified here explicitly naming the administrative district for the exact campus; city or postal address alone was not used to infer one.
797,National Institute of Technology Jamshedpur,Jamshedpur,,Jharkhand,https://nitjsr.ac.in,https://nitjsr.ac.in/backend/uploads/recruitments/aaaa2d5d-8e50-49e1-92ee-b2766fb26965-Date%20for%20Physical%20Reporting%20for%20UG%20Admissions%20August%2016-19%2C%202023.pdf,"NIT Jamshedpur's official admission notice gives its address as PO NIT Jamshedpur, Adityapur, District Saraikela Kharsawan 831014, Jharkhand.",,,,,,,,,Saraikela Kharsawan,341,resolved_explicit,
798,National Institute of Technology Puducherry,Karaikal,,Puducherry,https://nitpy.ac.in,,,,,,,,,,,,,unresolved,No first-party or government source verified here explicitly naming the administrative district for the exact campus; city or postal address alone was not used to infer one.
799,National Institute of Technology Kurukshetra,Kurukshetra,,Haryana,https://www.nitkkr.ac.in,,,,,,,,,,,,,unresolved,No first-party or government source verified here explicitly naming the administrative district for the exact campus; city or postal address alone was not used to infer one.
800,Visvesvaraya National Institute of Technology Nagpur,Nagpur,,Maharashtra,https://www.vnit.ac.in,,,,,,,,,,,,,unresolved,No first-party or government source verified here explicitly naming the administrative district for the exact campus; city or postal address alone was not used to infer one.
801,National Institute of Technology Patna,Patna,,Bihar,https://www.nitp.ac.in,,,,,,,,,,,,,unresolved,No first-party or government source verified here explicitly naming the administrative district for the exact campus; city or postal address alone was not used to infer one.
802,National Institute of Technology Raipur,Raipur,,Chhattisgarh,https://www.nitrr.ac.in,,,,,,,,,,,,,unresolved,No first-party or government source verified here explicitly naming the administrative district for the exact campus; city or postal address alone was not used to infer one.
803,National Institute of Technology Rourkela,Rourkela,,Odisha,https://www.nitrkl.ac.in,,,,,,,,,,,,,unresolved,No first-party or government source verified here explicitly naming the administrative district for the exact campus; city or postal address alone was not used to infer one.
804,National Institute of Technology Meghalaya,Shillong,,Meghalaya,https://www.nitm.ac.in,https://nitm.ac.in/,"NIT Meghalaya's official contact address is Saitsohpen, Sohra, East Khasi Hills District, Meghalaya 793108.",,,,,,,,,East Khasi Hills,274,resolved_explicit,
805,National Institute of Technology Silchar,Silchar,,Assam,https://www.nits.ac.in,https://old.nits.ac.in/tnp/reach-us,"NIT Silchar's official placement page gives the institute address in Silchar, District Cachar, Assam, PIN 788010.",,,,,,,,,Cachar,282,resolved_explicit,
806,National Institute of Technology Sikkim,Ravangla,,Sikkim,https://www.nitsikkim.ac.in,,,,,,,,,,,,,unresolved,No first-party or government source verified here explicitly naming the administrative district for the exact campus; city or postal address alone was not used to infer one.
807,National Institute of Technology Srinagar,Srinagar,,Jammu and Kashmir,https://nitsri.ac.in,,,,,,,,,,,,,unresolved,No first-party or government source verified here explicitly naming the administrative district for the exact campus; city or postal address alone was not used to infer one.
808,Sardar Vallabhbhai National Institute of Technology Surat,Surat,,Gujarat,https://www.svnit.ac.in,,,,,,,,,,,,,unresolved,No first-party or government source verified here explicitly naming the administrative district for the exact campus; city or postal address alone was not used to infer one.
809,National Institute of Technology Andhra Pradesh,Tadepalligudem,,Andhra Pradesh,https://www.nitandhra.ac.in,,,,,,,,,,,,,unresolved,No first-party or government source verified here explicitly naming the administrative district for the exact campus; city or postal address alone was not used to infer one.
810,National Institute of Technology Arunachal Pradesh,Itanagar,,Arunachal Pradesh,https://www.nitap.ac.in,https://www.nitap.ac.in/storage/pdf/ff786a1219989d0da443b02ce11fe06b-03-15-33radesh.pdf,"NIT Arunachal Pradesh's official brochure identifies its permanent campus at Jote in Papum Pare district, Arunachal Pradesh.",,,,,,,,,Papum Pare,237,resolved_explicit,
811,Indian Institute of Engineering Science and Technology Shibpur,Howrah,,West Bengal,https://www.iiests.ac.in,,,,,,,,,,,,,unresolved,No first-party or government source verified here explicitly naming the administrative district for the exact campus; city or postal address alone was not used to infer one.
812,Indian Institute of Information Technology Allahabad,Prayagraj,,Uttar Pradesh,https://www.iiita.ac.in,,,,,,,,,,,,,unresolved,No first-party or government source verified here explicitly naming the administrative district for the exact campus; city or postal address alone was not used to infer one.
813,Pandit Dwarka Prasad Mishra Indian Institute of Information Technology Design and Manufacturing Jabalpur,Jabalpur,,Madhya Pradesh,https://www.iiitdmj.ac.in,,,,,,,,,,,,,unresolved,No first-party or government source verified here explicitly naming the administrative district for the exact campus; city or postal address alone was not used to infer one.
814,Indian Institute of Information Technology Design and Manufacturing Kancheepuram,Chennai,,Tamil Nadu,https://www.iiitdm.ac.in,,,,,,,,,,,,,unresolved,No first-party or government source verified here explicitly naming the administrative district for the exact campus; city or postal address alone was not used to infer one.
815,Indian Institute of Information Technology Design and Manufacturing Kurnool,Kurnool,,Andhra Pradesh,https://iiitk.ac.in,,,,,,,,,,,,,unresolved,No first-party or government source verified here explicitly naming the administrative district for the exact campus; city or postal address alone was not used to infer one.
816,Indian Institute of Information Technology Sri City,Sri City,,Andhra Pradesh,https://iiits.ac.in,,,,,,,,,,,,,unresolved,No first-party or government source verified here explicitly naming the administrative district for the exact campus; city or postal address alone was not used to infer one.
817,Indian Institute of Information Technology Guwahati,Guwahati,,Assam,https://www.iiitg.ac.in,,,,,,,,,,,,,unresolved,No first-party or government source verified here explicitly naming the administrative district for the exact campus; city or postal address alone was not used to infer one.
818,Indian Institute of Information Technology Vadodara,Vadodara,,Gujarat,https://iiitvadodara.ac.in,,,,,,,,,,,,,unresolved,No first-party or government source verified here explicitly naming the administrative district for the exact campus; city or postal address alone was not used to infer one.
819,Indian Institute of Information Technology Sonepat,Sonepat,,Haryana,https://www.iiitsonepat.ac.in,,,,,,,,,,,,,unresolved,No first-party or government source verified here explicitly naming the administrative district for the exact campus; city or postal address alone was not used to infer one.
820,Indian Institute of Information Technology Una,Una,,Himachal Pradesh,https://www.iiitu.ac.in,,,,,,,,,,,,,unresolved,No first-party or government source verified here explicitly naming the administrative district for the exact campus; city or postal address alone was not used to infer one.
821,Indian Institute of Information Technology Ranchi,Ranchi,,Jharkhand,https://www.iiitranchi.ac.in,,,,,,,,,,,,,unresolved,No first-party or government source verified here explicitly naming the administrative district for the exact campus; city or postal address alone was not used to infer one.
822,Indian Institute of Information Technology Dharwad,Dharwad,,Karnataka,https://www.iiitdwd.ac.in,,,,,,,,,,,,,unresolved,No first-party or government source verified here explicitly naming the administrative district for the exact campus; city or postal address alone was not used to infer one.
823,Indian Institute of Information Technology Kottayam,Kottayam,,Kerala,https://www.iiitkottayam.ac.in,,,,,,,,,,,,,unresolved,No first-party or government source verified here explicitly naming the administrative district for the exact campus; city or postal address alone was not used to infer one.
824,Indian Institute of Information Technology Nagpur,Nagpur,,Maharashtra,https://www.iiitn.ac.in,,,,,,,,,,,,,unresolved,No first-party or government source verified here explicitly naming the administrative district for the exact campus; city or postal address alone was not used to infer one.
825,Indian Institute of Information Technology Pune,Pune,,Maharashtra,https://www.iiitp.ac.in,,,,,,,,,,,,,unresolved,No first-party or government source verified here explicitly naming the administrative district for the exact campus; city or postal address alone was not used to infer one.
826,Indian Institute of Information Technology Senapati Manipur,Senapati,,Manipur,https://www.iiitmanipur.ac.in,,,,,,,,,,,,,unresolved,No first-party or government source verified here explicitly naming the administrative district for the exact campus; city or postal address alone was not used to infer one.
827,Indian Institute of Information Technology Tiruchirappalli,Tiruchirappalli,,Tamil Nadu,https://www.iiitt.ac.in,,,,,,,,,,,,,unresolved,No first-party or government source verified here explicitly naming the administrative district for the exact campus; city or postal address alone was not used to infer one.
828,Indian Institute of Information Technology Lucknow,Lucknow,,Uttar Pradesh,https://iiitl.ac.in,,,,,,,,,,,,,unresolved,No first-party or government source verified here explicitly naming the administrative district for the exact campus; city or postal address alone was not used to infer one.
829,Indian Institute of Information Technology Kalyani,Kalyani,,West Bengal,https://iiitkalyani.ac.in,,,,,,,,,,,,,unresolved,No first-party or government source verified here explicitly naming the administrative district for the exact campus; city or postal address alone was not used to infer one.
830,Indian Institute of Information Technology Bhagalpur,Bhagalpur,,Bihar,https://www.iiitbh.ac.in,,,,,,,,,,,,,unresolved,No first-party or government source verified here explicitly naming the administrative district for the exact campus; city or postal address alone was not used to infer one.
831,Indian Institute of Information Technology Surat,Surat,,Gujarat,https://www.iiitsurat.ac.in,,,,,,,,,,,,,unresolved,No first-party or government source verified here explicitly naming the administrative district for the exact campus; city or postal address alone was not used to infer one.
832,Indian Institute of Information Technology Raichur,Raichur,,Karnataka,https://iiitr.ac.in,,,,,,,,,,,,,unresolved,No first-party or government source verified here explicitly naming the administrative district for the exact campus; city or postal address alone was not used to infer one.
833,Indian Institute of Information Technology Bhopal,Bhopal,,Madhya Pradesh,https://www.iiitbhopal.ac.in,,,,,,,,,,,,,unresolved,No first-party or government source verified here explicitly naming the administrative district for the exact campus; city or postal address alone was not used to infer one.
834,Indian Institute of Information Technology Agartala,Agartala,,Tripura,https://iiitagartala.ac.in,,,,,,,,,,,,,unresolved,No first-party or government source verified here explicitly naming the administrative district for the exact campus; city or postal address alone was not used to infer one.
835,Assam University,Silchar,,Assam,http://www.aus.ac.in,,,,,,,,,,,,,unresolved,No first-party or government source verified here explicitly naming the administrative district for the exact campus; city or postal address alone was not used to infer one.
836,Babasaheb Bhimrao Ambedkar University,Lucknow,,Uttar Pradesh,http://www.bbau.ac.in,,,,,,,,,,,,,unresolved,No first-party or government source verified here explicitly naming the administrative district for the exact campus; city or postal address alone was not used to infer one.
837,Central Agricultural University,Imphal,,Manipur,https://cau.ac.in,,,,,,,,,,,,,unresolved,No first-party or government source verified here explicitly naming the administrative district for the exact campus; city or postal address alone was not used to infer one.
838,Central Sanskrit University,New Delhi,,Delhi,http://www.sanskrit.nic.in,,,,,,,,,,,,,unresolved,No first-party or government source verified here explicitly naming the administrative district for the exact campus; city or postal address alone was not used to infer one.
839,Central Tribal University of Andhra Pradesh,Vizianagaram,,Andhra Pradesh,https://www.ctuap.ac.in,,,,,,,,,,,,,unresolved,No first-party or government source verified here explicitly naming the administrative district for the exact campus; city or postal address alone was not used to infer one.
840,Central University of Andhra Pradesh,Anantapur,,Andhra Pradesh,https://cuap.ac.in,,,,,,,,,,,,,unresolved,No first-party or government source verified here explicitly naming the administrative district for the exact campus; city or postal address alone was not used to infer one.
841,Central University of Gujarat,Gandhinagar,,Gujarat,https://www.cug.ac.in,,,,,,,,,,,,,unresolved,No first-party or government source verified here explicitly naming the administrative district for the exact campus; city or postal address alone was not used to infer one.
842,Central University of Haryana,Mahendergarh,,Haryana,http://www.cuh.ac.in,,,,,,,,,,,,,unresolved,No first-party or government source verified here explicitly naming the administrative district for the exact campus; city or postal address alone was not used to infer one.
843,Central University of Himachal Pradesh,Dharamshala,,Himachal Pradesh,http://www.cuhimachal.ac.in,,,,,,,,,,,,,unresolved,No first-party or government source verified here explicitly naming the administrative district for the exact campus; city or postal address alone was not used to infer one.
844,Central University of Jammu,Samba,,Jammu and Kashmir,http://www.cujammu.ac.in,,,,,,,,,,,,,unresolved,No first-party or government source verified here explicitly naming the administrative district for the exact campus; city or postal address alone was not used to infer one.
845,Central University of Jharkhand,Ranchi,,Jharkhand,http://www.cuj.ac.in,,,,,,,,,,,,,unresolved,No first-party or government source verified here explicitly naming the administrative district for the exact campus; city or postal address alone was not used to infer one.
846,Central University of Karnataka,Kalaburagi,,Karnataka,http://www.cuk.ac.in,,,,,,,,,,,,,unresolved,No first-party or government source verified here explicitly naming the administrative district for the exact campus; city or postal address alone was not used to infer one.
847,Central University of Kashmir,Ganderbal,,Jammu and Kashmir,http://www.cukashmir.ac.in,,,,,,,,,,,,,unresolved,No first-party or government source verified here explicitly naming the administrative district for the exact campus; city or postal address alone was not used to infer one.
848,Central University of Kerala,Kasaragod,,Kerala,https://www.cukerala.ac.in,,,,,,,,,,,,,unresolved,No first-party or government source verified here explicitly naming the administrative district for the exact campus; city or postal address alone was not used to infer one.
849,Central University of Odisha,Koraput,,Odisha,http://cuo.ac.in,,,,,,,,,,,,,unresolved,No first-party or government source verified here explicitly naming the administrative district for the exact campus; city or postal address alone was not used to infer one.
850,Central University of Punjab,Bathinda,,Punjab,http://www.cup.ac.in,,,,,,,,,,,,,unresolved,No first-party or government source verified here explicitly naming the administrative district for the exact campus; city or postal address alone was not used to infer one.
851,Central University of South Bihar,Gaya,,Bihar,https://www.cusb.ac.in,,,,,,,,,,,,,unresolved,No first-party or government source verified here explicitly naming the administrative district for the exact campus; city or postal address alone was not used to infer one.
852,Central University of Tamil Nadu,Tiruvarur,,Tamil Nadu,https://cutn.ac.in,,,,,,,,,,,,,unresolved,No first-party or government source verified here explicitly naming the administrative district for the exact campus; city or postal address alone was not used to infer one.
853,Dr. Harisingh Gour Vishwavidyalaya,Sagar,,Madhya Pradesh,https://dhsgsu.edu.in,,,,,,,,,,,,,unresolved,No first-party or government source verified here explicitly naming the administrative district for the exact campus; city or postal address alone was not used to infer one.
854,Dr. Rajendra Prasad Central Agricultural University,Pusa,,Bihar,https://www.rpcau.ac.in,,,,,,,,,,,,,unresolved,No first-party or government source verified here explicitly naming the administrative district for the exact campus; city or postal address alone was not used to infer one.
855,Gati Shakti Vishwavidyalaya,Vadodara,,Gujarat,https://gsv.ac.in,,,,,,,,,,,,,unresolved,No first-party or government source verified here explicitly naming the administrative district for the exact campus; city or postal address alone was not used to infer one.
856,Guru Ghasidas Vishwavidyalaya,Bilaspur,,Chhattisgarh,http://www.ggu.ac.in,,,,,,,,,,,,,unresolved,No first-party or government source verified here explicitly naming the administrative district for the exact campus; city or postal address alone was not used to infer one.
857,Hemvati Nandan Bahuguna Garhwal University,Srinagar (Garhwal),,Uttarakhand,http://www.hnbgu.ac.in,,,,,,,,,,,,,unresolved,No first-party or government source verified here explicitly naming the administrative district for the exact campus; city or postal address alone was not used to infer one.
858,Indira Gandhi National Open University,New Delhi,,Delhi,http://www.ignou.ac.in,,,,,,,,,,,,,unresolved,No first-party or government source verified here explicitly naming the administrative district for the exact campus; city or postal address alone was not used to infer one.
859,Jawaharlal Nehru University,New Delhi,,Delhi,http://www.jnu.ac.in,,,,,,,,,,,,,unresolved,No first-party or government source verified here explicitly naming the administrative district for the exact campus; city or postal address alone was not used to infer one.
860,Mahatma Gandhi Central University,Motihari,,Bihar,http://www.mgcub.ac.in,,,,,,,,,,,,,unresolved,No first-party or government source verified here explicitly naming the administrative district for the exact campus; city or postal address alone was not used to infer one.
861,Manipur University,Imphal,,Manipur,https://www.manipuruniv.ac.in,,,,,,,,,,,,,unresolved,No first-party or government source verified here explicitly naming the administrative district for the exact campus; city or postal address alone was not used to infer one.
862,Maulana Azad National Urdu University,Hyderabad,,Telangana,https://manuu.edu.in,,,,,,,,,,,,,unresolved,No first-party or government source verified here explicitly naming the administrative district for the exact campus; city or postal address alone was not used to infer one.
863,Mizoram University,Aizawl,,Mizoram,https://mzu.edu.in,,,,,,,,,,,,,unresolved,No first-party or government source verified here explicitly naming the administrative district for the exact campus; city or postal address alone was not used to infer one.
864,Nagaland University,Lumami,,Nagaland,https://nagalanduniversity.ac.in,,,,,,,,,,,,,unresolved,No first-party or government source verified here explicitly naming the administrative district for the exact campus; city or postal address alone was not used to infer one.
865,Nalanda University,Rajgir,,Bihar,https://nalandauniv.edu.in,,,,,,,,,,,,,unresolved,No first-party or government source verified here explicitly naming the administrative district for the exact campus; city or postal address alone was not used to infer one.
866,National Sanskrit University,Tirupati,,Andhra Pradesh,http://nsktu.ac.in,,,,,,,,,,,,,unresolved,No first-party or government source verified here explicitly naming the administrative district for the exact campus; city or postal address alone was not used to infer one.
867,North Eastern Hill University,Shillong,,Meghalaya,https://www.nehu.ac.in,,,,,,,,,,,,,unresolved,No first-party or government source verified here explicitly naming the administrative district for the exact campus; city or postal address alone was not used to infer one.
868,Pondicherry University,Puducherry,,Puducherry,http://www.pondiuni.edu.in,,,,,,,,,,,,,unresolved,No first-party or government source verified here explicitly naming the administrative district for the exact campus; city or postal address alone was not used to infer one.
869,Rajiv Gandhi National Aviation University,Fursatganj,,Uttar Pradesh,https://www.rgnau.ac.in,,,,,,,,,,,,,unresolved,No first-party or government source verified here explicitly naming the administrative district for the exact campus; city or postal address alone was not used to infer one.
870,Rajiv Gandhi University,Itanagar,,Arunachal Pradesh,https://www.rgu.ac.in,,,,,,,,,,,,,unresolved,No first-party or government source verified here explicitly naming the administrative district for the exact campus; city or postal address alone was not used to infer one.
871,Rani Lakshmi Bai Central Agricultural University,Jhansi,,Uttar Pradesh,https://rlbcau.ac.in,,,,,,,,,,,,,unresolved,No first-party or government source verified here explicitly naming the administrative district for the exact campus; city or postal address alone was not used to infer one.
872,Sammakka Sarakka Central Tribal University,Mulugu,,Telangana,https://ssctu.ac.in,,,,,,,,,,,,,unresolved,No first-party or government source verified here explicitly naming the administrative district for the exact campus; city or postal address alone was not used to infer one.
873,Shri Lal Bahadur Shastri National Sanskrit University,New Delhi,,Delhi,http://www.slbsrsv.ac.in,,,,,,,,,,,,,unresolved,No first-party or government source verified here explicitly naming the administrative district for the exact campus; city or postal address alone was not used to infer one.
874,Sikkim University,Gangtok,,Sikkim,https://cus.ac.in,,,,,,,,,,,,,unresolved,No first-party or government source verified here explicitly naming the administrative district for the exact campus; city or postal address alone was not used to infer one.
875,Sindhu Central University,Leh,,Ladakh,https://sindhucu.ac.in,,,,,,,,,,,,,unresolved,No first-party or government source verified here explicitly naming the administrative district for the exact campus; city or postal address alone was not used to infer one.
876,South Asian University,New Delhi,,Delhi,https://sau.int,,,,,,,,,,,,,unresolved,No first-party or government source verified here explicitly naming the administrative district for the exact campus; city or postal address alone was not used to infer one.
877,Tezpur University,Tezpur,,Assam,http://www.tezu.ernet.in,,,,,,,,,,,,,unresolved,No first-party or government source verified here explicitly naming the administrative district for the exact campus; city or postal address alone was not used to infer one.
878,Tripura University,Agartala,,Tripura,https://tripurauniv.ac.in,,,,,,,,,,,,,unresolved,No first-party or government source verified here explicitly naming the administrative district for the exact campus; city or postal address alone was not used to infer one.
879,University of Allahabad,Prayagraj,,Uttar Pradesh,https://allduniv.ac.in,,,,,,,,,,,,,unresolved,No first-party or government source verified here explicitly naming the administrative district for the exact campus; city or postal address alone was not used to infer one.
880,Visva-Bharati,Santiniketan,,West Bengal,https://visvabharati.ac.in,,,,,,,,,,,,,unresolved,No first-party or government source verified here explicitly naming the administrative district for the exact campus; city or postal address alone was not used to infer one.
881,National Institute of Fashion Technology Mumbai,Navi Mumbai,,Maharashtra,https://www.nift.ac.in,,,,,,,,,,,,,unresolved,No first-party or government source verified here explicitly naming the administrative district for the exact campus; city or postal address alone was not used to infer one.
882,National Institute of Fashion Technology Bengaluru,Bengaluru,,Karnataka,https://www.nift.ac.in,,,,,,,,,,,,,unresolved,No first-party or government source verified here explicitly naming the administrative district for the exact campus; city or postal address alone was not used to infer one.
883,National Institute of Fashion Technology Bhubaneswar,Bhubaneswar,,Odisha,https://www.nift.ac.in,,,,,,,,,,,,,unresolved,No first-party or government source verified here explicitly naming the administrative district for the exact campus; city or postal address alone was not used to infer one.
884,National Institute of Fashion Technology Srinagar,Srinagar,,Jammu and Kashmir,https://www.nift.ac.in,,,,,,,,,,,,,unresolved,No first-party or government source verified here explicitly naming the administrative district for the exact campus; city or postal address alone was not used to infer one.
885,National Institute of Fashion Technology Varanasi,Varanasi,,Uttar Pradesh,https://www.nift.ac.in,,,,,,,,,,,,,unresolved,No first-party or government source verified here explicitly naming the administrative district for the exact campus; city or postal address alone was not used to infer one.
886,National Institute of Fashion Technology Shillong,Shillong,,Meghalaya,https://www.nift.ac.in,,,,,,,,,,,,,unresolved,No first-party or government source verified here explicitly naming the administrative district for the exact campus; city or postal address alone was not used to infer one.
887,National Institute of Fashion Technology Raebareli,Raebareli,,Uttar Pradesh,https://www.nift.ac.in,,,,,,,,,,,,,unresolved,No first-party or government source verified here explicitly naming the administrative district for the exact campus; city or postal address alone was not used to infer one.
888,National Institute of Fashion Technology Patna,Patna,,Bihar,https://www.nift.ac.in,,,,,,,,,,,,,unresolved,No first-party or government source verified here explicitly naming the administrative district for the exact campus; city or postal address alone was not used to infer one.
889,National Institute of Fashion Technology Panchkula,Panchkula,,Haryana,https://www.nift.ac.in,,,,,,,,,,,,,unresolved,No first-party or government source verified here explicitly naming the administrative district for the exact campus; city or postal address alone was not used to infer one.
890,National Institute of Fashion Technology Kannur,Kannur,,Kerala,https://www.nift.ac.in,,,,,,,,,,,,,unresolved,No first-party or government source verified here explicitly naming the administrative district for the exact campus; city or postal address alone was not used to infer one.
891,National Institute of Fashion Technology Kangra,Kangra,,Himachal Pradesh,https://www.nift.ac.in,,,,,,,,,,,,,unresolved,No first-party or government source verified here explicitly naming the administrative district for the exact campus; city or postal address alone was not used to infer one.
892,National Institute of Fashion Technology Jodhpur,Jodhpur,,Rajasthan,https://www.nift.ac.in,,,,,,,,,,,,,unresolved,No first-party or government source verified here explicitly naming the administrative district for the exact campus; city or postal address alone was not used to infer one.
893,National Institute of Fashion Technology Hyderabad,Hyderabad,,Telangana,https://www.nift.ac.in,,,,,,,,,,,,,unresolved,No first-party or government source verified here explicitly naming the administrative district for the exact campus; city or postal address alone was not used to infer one.
894,National Institute of Fashion Technology Chennai,Chennai,,Tamil Nadu,https://www.nift.ac.in,,,,,,,,,,,,,unresolved,No first-party or government source verified here explicitly naming the administrative district for the exact campus; city or postal address alone was not used to infer one.
895,National Institute of Fashion Technology Bhopal,Bhopal,,Madhya Pradesh,https://www.nift.ac.in,,,,,,,,,,,,,unresolved,No first-party or government source verified here explicitly naming the administrative district for the exact campus; city or postal address alone was not used to infer one.
896,National Institute of Fashion Technology Raipur,Raipur,,Chhattisgarh,https://www.nift.ac.in,,,,,,,,,,,,,unresolved,No first-party or government source verified here explicitly naming the administrative district for the exact campus; city or postal address alone was not used to infer one.
897,National Institute of Fashion Technology Kolkata,Kolkata,,West Bengal,https://www.nift.ac.in,,,,,,,,,,,,,unresolved,No first-party or government source verified here explicitly naming the administrative district for the exact campus; city or postal address alone was not used to infer one.
898,National Institute of Fashion Technology Gandhinagar,Gandhinagar,,Gujarat,https://www.nift.ac.in,,,,,,,,,,,,,unresolved,No first-party or government source verified here explicitly naming the administrative district for the exact campus; city or postal address alone was not used to infer one.
899,National Institute of Fashion Technology Daman,Daman,,Dadra and Nagar Haveli and Daman and Diu,https://www.nift.ac.in,,,,,,,,,,,,,unresolved,No first-party or government source verified here explicitly naming the administrative district for the exact campus; city or postal address alone was not used to infer one.
900,Footwear Design and Development Institute Noida,Noida,,Uttar Pradesh,https://fddiindia.com,,,,,,,,,,,,,unresolved,No first-party or government source verified here explicitly naming the administrative district for the exact campus; city or postal address alone was not used to infer one.
901,Footwear Design and Development Institute Fursatganj,Fursatganj,,Uttar Pradesh,https://fddiindia.com,https://fddiindia.com/contact.php,"FDDI Fursatganj campus address is Rae Bareli-Sultanpur Road, Fursatganj, District Amethi, Uttar Pradesh 229302.",,,,,,,,,Amethi,640,resolved_explicit,
902,Footwear Design and Development Institute Rohtak,Rohtak,,Haryana,https://fddiindia.com,,,,,,,,,,,,,unresolved,No first-party or government source verified here explicitly naming the administrative district for the exact campus; city or postal address alone was not used to infer one.
903,Footwear Design and Development Institute Chandigarh,Banur,,Punjab,https://fddiindia.com,https://fddiindia.com/admission-helpline,"FDDI Chandigarh campus address is NH-07, Chandigarh-Patiala Highway, Banur, District S.A.S Nagar (Mohali), Punjab 140601.",,,,,,,,,S.a.s Nagar,608,resolved_explicit,
904,Footwear Design and Development Institute Jodhpur,Jodhpur,,Rajasthan,https://fddiindia.com,https://fddiindia.com/contact.php,"FDDI Jodhpur campus address is Village Mandoor, Tehsil Jodhpur, District Jodhpur, Rajasthan.",,,,,,,,,Jodhpur,107,resolved_explicit,
905,Footwear Design and Development Institute Ankleshwar,Ankleshwar,,Gujarat,https://fddiindia.com,https://fddiindia.com/admission-helpline,"FDDI Ankleshwar campus address is in Ankleshwar, District Bharuch, Gujarat 393002.",,,,,,,,,Bharuch,442,resolved_explicit,
906,Footwear Design and Development Institute Guna,Guna,,Madhya Pradesh,https://fddiindia.com,https://www.fddiindia.com/pdf/Internal-Auditor-Tender.pdf,"FDDI Guna campus tender address names Puraposar Road, District Guna, Madhya Pradesh.",,,,,,,,,Guna,406,resolved_explicit,
907,Footwear Design and Development Institute Chhindwara,Chhindwara,,Madhya Pradesh,https://fddiindia.com,,,,,,,,,,,,,unresolved,No first-party or government source verified here explicitly naming the administrative district for the exact campus; city or postal address alone was not used to infer one.
908,Footwear Design and Development Institute Patna,Patna,,Bihar,https://fddiindia.com,,,,,,,,,,,,,unresolved,No first-party or government source verified here explicitly naming the administrative district for the exact campus; city or postal address alone was not used to infer one.
909,Footwear Design and Development Institute Kolkata,Kolkata,,West Bengal,https://fddiindia.com,https://www.fddiindia.com/pdf/Internal-Auditor-Tender.pdf,"FDDI Kolkata campus tender address names Kolkata Leather Complex, District South 24-Parganas, West Bengal, PIN 743502.",,,,,,,,,South 24 Parganas,304,resolved_explicit,
910,Footwear Design and Development Institute Hyderabad,Hyderabad,,Telangana,https://fddiindia.com,,,,,,,,,,,,,unresolved,No first-party or government source verified here explicitly naming the administrative district for the exact campus; city or postal address alone was not used to infer one.
911,Footwear Design and Development Institute Chennai,Chennai,,Tamil Nadu,https://fddiindia.com,,,,,,,,,,,,,unresolved,No first-party or government source verified here explicitly naming the administrative district for the exact campus; city or postal address alone was not used to infer one.
912,Indian Institute of Mass Communication Dhenkanal,Dhenkanal,,Odisha,https://iimc.gov.in,,,,,,,,,,,,,unresolved,No first-party or government source verified here explicitly naming the administrative district for the exact campus; city or postal address alone was not used to infer one.
913,Indian Institute of Mass Communication Aizawl,Aizawl,,Mizoram,https://iimc.gov.in,,,,,,,,,,,,,unresolved,No first-party or government source verified here explicitly naming the administrative district for the exact campus; city or postal address alone was not used to infer one.
914,Indian Institute of Mass Communication Amravati,Amravati,,Maharashtra,https://iimc.gov.in,,,,,,,,,,,,,unresolved,No first-party or government source verified here explicitly naming the administrative district for the exact campus; city or postal address alone was not used to infer one.
915,Indian Institute of Mass Communication Jammu,Jammu,,Jammu and Kashmir,https://iimc.gov.in,,,,,,,,,,,,,unresolved,No first-party or government source verified here explicitly naming the administrative district for the exact campus; city or postal address alone was not used to infer one.
916,Indian Institute of Mass Communication Kottayam,Kottayam,,Kerala,https://iimc.gov.in,,,,,,,,,,,,,unresolved,No first-party or government source verified here explicitly naming the administrative district for the exact campus; city or postal address alone was not used to infer one.
917,Institute of Hotel Management Bhopal,Bhopal,,Madhya Pradesh,https://www.ihmbhopal.ac.in,,,,,,,,,,,,,unresolved,No first-party or government source verified here explicitly naming the administrative district for the exact campus; city or postal address alone was not used to infer one.
918,Institute of Hotel Management Bhubaneswar,Bhubaneswar,,Odisha,https://www.ihmbbs.org,,,,,,,,,,,,,unresolved,No first-party or government source verified here explicitly naming the administrative district for the exact campus; city or postal address alone was not used to infer one.
919,Dr. Ambedkar Institute of Hotel Management Chandigarh,Chandigarh,,Chandigarh,https://www.ihmchandigarh.org,,,,,,,,,,,,,unresolved,No first-party or government source verified here explicitly naming the administrative district for the exact campus; city or postal address alone was not used to infer one.
920,Institute of Hotel Management Chennai,Chennai,,Tamil Nadu,http://www.ihmchennai.org,,,,,,,,,,,,,unresolved,No first-party or government source verified here explicitly naming the administrative district for the exact campus; city or postal address alone was not used to infer one.
921,Institute of Hotel Management Gandhinagar,Gandhinagar,,Gujarat,https://ihmahmedabad.com,,,,,,,,,,,,,unresolved,No first-party or government source verified here explicitly naming the administrative district for the exact campus; city or postal address alone was not used to infer one.
922,Institute of Hotel Management Goa,Porvorim,,Goa,https://www.ihmgoa.gov.in,,,,,,,,,,,,,unresolved,No first-party or government source verified here explicitly naming the administrative district for the exact campus; city or postal address alone was not used to infer one.
923,Institute of Hotel Management Gurdaspur,Gurdaspur,,Punjab,https://ihm-gsp.ac.in,,,,,,,,,,,,,unresolved,No first-party or government source verified here explicitly naming the administrative district for the exact campus; city or postal address alone was not used to infer one.
924,Institute of Hotel Management Guwahati,Guwahati,,Assam,https://ihmctanghy.org.in,,,,,,,,,,,,,unresolved,No first-party or government source verified here explicitly naming the administrative district for the exact campus; city or postal address alone was not used to infer one.
925,Institute of Hotel Management Gwalior,Gwalior,,Madhya Pradesh,https://ihmgwalior.org,,,,,,,,,,,,,unresolved,No first-party or government source verified here explicitly naming the administrative district for the exact campus; city or postal address alone was not used to infer one.
926,Institute of Hotel Management Hajipur,Hajipur,,Bihar,https://www.ihmhajipur.net,,,,,,,,,,,,,unresolved,No first-party or government source verified here explicitly naming the administrative district for the exact campus; city or postal address alone was not used to infer one.
927,Institute of Hotel Management Hyderabad,Hyderabad,,Telangana,https://www.ihmhyd.org,,,,,,,,,,,,,unresolved,No first-party or government source verified here explicitly naming the administrative district for the exact campus; city or postal address alone was not used to infer one.
928,Institute of Hotel Management Jaipur,Jaipur,,Rajasthan,https://www.ihmjaipur.com,,,,,,,,,,,,,unresolved,No first-party or government source verified here explicitly naming the administrative district for the exact campus; city or postal address alone was not used to infer one.
929,Institute of Hotel Management Kolkata,Kolkata,,West Bengal,https://ihmkol.org,,,,,,,,,,,,,unresolved,No first-party or government source verified here explicitly naming the administrative district for the exact campus; city or postal address alone was not used to infer one.
930,Institute of Hotel Management Lucknow,Lucknow,,Uttar Pradesh,http://www.ihmlucknow.com,,,,,,,,,,,,,unresolved,No first-party or government source verified here explicitly naming the administrative district for the exact campus; city or postal address alone was not used to infer one.
931,Institute of Hotel Management Shillong,Shillong,,Meghalaya,https://ihmshillong.nic.in,,,,,,,,,,,,,unresolved,No first-party or government source verified here explicitly naming the administrative district for the exact campus; city or postal address alone was not used to infer one.
932,Institute of Hotel Management Shimla,Shimla,,Himachal Pradesh,https://www.ihmshimla.ac.in,,,,,,,,,,,,,unresolved,No first-party or government source verified here explicitly naming the administrative district for the exact campus; city or postal address alone was not used to infer one.
933,Institute of Hotel Management Srinagar,Srinagar,,Jammu and Kashmir,https://ihmsrinagar.edu.in,,,,,,,,,,,,,unresolved,No first-party or government source verified here explicitly naming the administrative district for the exact campus; city or postal address alone was not used to infer one.
934,Institute of Hotel Management Thiruvananthapuram,Thiruvananthapuram,,Kerala,https://www.ihmctkovalam.org,,,,,,,,,,,,,unresolved,No first-party or government source verified here explicitly naming the administrative district for the exact campus; city or postal address alone was not used to infer one.
935,NCHM-IH Noida,Noida,,Uttar Pradesh,,,,,,,,,,,,,,unresolved,No first-party or government source verified here explicitly naming the administrative district for the exact campus; city or postal address alone was not used to infer one.
936,Indian Institute of Tourism and Travel Management Bhubaneswar,Bhubaneswar,,Odisha,https://iittm.ac.in,,,,,,,,,,,,,unresolved,No first-party or government source verified here explicitly naming the administrative district for the exact campus; city or postal address alone was not used to infer one.
937,Indian Institute of Tourism and Travel Management Noida,Noida,,Uttar Pradesh,https://iittm.ac.in,,,,,,,,,,,,,unresolved,No first-party or government source verified here explicitly naming the administrative district for the exact campus; city or postal address alone was not used to infer one.
938,Indian Institute of Tourism and Travel Management Nellore,Nellore,,Andhra Pradesh,https://iittm.ac.in,,,,,,,,,,,,,unresolved,No first-party or government source verified here explicitly naming the administrative district for the exact campus; city or postal address alone was not used to infer one.
939,Indian Institute of Tourism and Travel Management Goa,Panaji,,Goa,https://iittm.ac.in,,,,,,,,,,,,,unresolved,No first-party or government source verified here explicitly naming the administrative district for the exact campus; city or postal address alone was not used to infer one.
940,National Dairy Research Institute,Karnal,,Haryana,https://ndri.res.in,,,,,,,,,,,,,unresolved,No first-party or government source verified here explicitly naming the administrative district for the exact campus; city or postal address alone was not used to infer one.
941,Central Institute of Fisheries Education,Mumbai,,Maharashtra,https://www.cife.edu.in,,,,,,,,,,,,,unresolved,No first-party or government source verified here explicitly naming the administrative district for the exact campus; city or postal address alone was not used to infer one.
942,National Academy of Agricultural Research Management,Hyderabad,,Telangana,https://naarm.org.in,,,,,,,,,,,,,unresolved,No first-party or government source verified here explicitly naming the administrative district for the exact campus; city or postal address alone was not used to infer one.
943,Officers Training Academy Gaya,Gaya,,Bihar,https://joinindianarmy.nic.in,,,,,,,,,,,,,unresolved,No first-party or government source verified here explicitly naming the administrative district for the exact campus; city or postal address alone was not used to infer one.
944,Indian Maritime University Mumbai Port Campus,Mumbai,,Maharashtra,https://www.imu.edu.in,,,,,,,,,,,,,unresolved,No first-party or government source verified here explicitly naming the administrative district for the exact campus; city or postal address alone was not used to infer one.
945,Indian Maritime University Visakhapatnam Campus,Visakhapatnam,,Andhra Pradesh,https://www.imu.edu.in,,,,,,,,,,,,,unresolved,No first-party or government source verified here explicitly naming the administrative district for the exact campus; city or postal address alone was not used to infer one.
946,Indian Maritime University Kochi Campus,Kochi,,Kerala,https://www.imu.edu.in,,,,,,,,,,,,,unresolved,No first-party or government source verified here explicitly naming the administrative district for the exact campus; city or postal address alone was not used to infer one.
947,Indian Institute of Foreign Trade Kolkata Campus,Kolkata,,West Bengal,https://www.iift.ac.in,,,,,,,,,,,,,unresolved,No first-party or government source verified here explicitly naming the administrative district for the exact campus; city or postal address alone was not used to infer one.
948,Indian Institute of Foreign Trade Kakinada Campus,Kakinada,,Andhra Pradesh,https://www.iift.ac.in,,,,,,,,,,,,,unresolved,No first-party or government source verified here explicitly naming the administrative district for the exact campus; city or postal address alone was not used to infer one.
949,Indian Institute of Foreign Trade GIFT City Campus,Gandhinagar,,Gujarat,https://www.iift.ac.in,,,,,,,,,,,,,unresolved,No first-party or government source verified here explicitly naming the administrative district for the exact campus; city or postal address alone was not used to infer one.
950,Regional Institute of Education Ajmer,Ajmer,,Rajasthan,,,,,,,,,,,,,,unresolved,No first-party or government source verified here explicitly naming the administrative district for the exact campus; city or postal address alone was not used to infer one.
951,Regional Institute of Education Bhopal,Bhopal,,Madhya Pradesh,,,,,,,,,,,,,,unresolved,No first-party or government source verified here explicitly naming the administrative district for the exact campus; city or postal address alone was not used to infer one.
952,Regional Institute of Education Bhubaneswar,Bhubaneswar,,Odisha,,,,,,,,,,,,,,unresolved,No first-party or government source verified here explicitly naming the administrative district for the exact campus; city or postal address alone was not used to infer one.
953,Regional Institute of Education Mysuru,Mysuru,,Karnataka,https://riemysore.ac.in,,,,,,,,,,,,,unresolved,No first-party or government source verified here explicitly naming the administrative district for the exact campus; city or postal address alone was not used to infer one.
954,North East Regional Institute of Education Shillong,Shillong,,Meghalaya,,,,,,,,,,,,,,unresolved,No first-party or government source verified here explicitly naming the administrative district for the exact campus; city or postal address alone was not used to infer one.
955,Regional Institute of Education Nellore,Nellore,,Andhra Pradesh,,,,,,,,,,,,,,unresolved,No first-party or government source verified here explicitly naming the administrative district for the exact campus; city or postal address alone was not used to infer one.
956,Lakshmibai National College of Physical Education Thiruvananthapuram,Thiruvananthapuram,,Kerala,https://sportsauthorityofindia.gov.in/sai/lncpe,,,,,,,,,,,,,unresolved,No first-party or government source verified here explicitly naming the administrative district for the exact campus; city or postal address alone was not used to infer one.
957,National Institute of Unani Medicine,Bengaluru,,Karnataka,https://nium.in,,,,,,,,,,,,,unresolved,No first-party or government source verified here explicitly naming the administrative district for the exact campus; city or postal address alone was not used to infer one.
958,National Institute of Unani Medicine Ghaziabad Campus,Ghaziabad,,Uttar Pradesh,https://nium.in,,,,,,,,,,,,,unresolved,No first-party or government source verified here explicitly naming the administrative district for the exact campus; city or postal address alone was not used to infer one.
959,National Institute of Siddha,Chennai,,Tamil Nadu,https://nischennai.org,,,,,,,,,,,,,unresolved,No first-party or government source verified here explicitly naming the administrative district for the exact campus; city or postal address alone was not used to infer one.
960,Morarji Desai National Institute of Yoga,New Delhi,,Delhi,,,,,,,,,,,,,,unresolved,No first-party or government source verified here explicitly naming the administrative district for the exact campus; city or postal address alone was not used to infer one.
961,North Eastern Institute of Ayurveda and Homoeopathy,Shillong,,Meghalaya,,,,,,,,,,,,,,unresolved,No first-party or government source verified here explicitly naming the administrative district for the exact campus; city or postal address alone was not used to infer one.
962,National Institute of Sowa-Rigpa,Leh,,Ladakh,https://sowarigpainstitute.in,,,,,,,,,,,,,unresolved,No first-party or government source verified here explicitly naming the administrative district for the exact campus; city or postal address alone was not used to infer one.
963,National Institute for the Empowerment of Persons with Visual Disabilities,Dehradun,,Uttarakhand,https://niepvd.nic.in,,,,,,,,,,,,,unresolved,No first-party or government source verified here explicitly naming the administrative district for the exact campus; city or postal address alone was not used to infer one.
964,National Institute for the Empowerment of Persons with Intellectual Disabilities,Secunderabad,,Telangana,https://niepid.nic.in,,,,,,,,,,,,,unresolved,No first-party or government source verified here explicitly naming the administrative district for the exact campus; city or postal address alone was not used to infer one.
965,Pt. Deendayal Upadhyaya National Institute for Persons with Physical Disabilities,New Delhi,,Delhi,https://pdunippd.nic.in,,,,,,,,,,,,,unresolved,No first-party or government source verified here explicitly naming the administrative district for the exact campus; city or postal address alone was not used to infer one.
966,Swami Vivekanand National Institute of Rehabilitation Training and Research,Cuttack,,Odisha,https://www.svnirtar.nic.in,,,,,,,,,,,,,unresolved,No first-party or government source verified here explicitly naming the administrative district for the exact campus; city or postal address alone was not used to infer one.
967,National Institute for Locomotor Disabilities,Kolkata,,West Bengal,https://nild.nic.in,,,,,,,,,,,,,unresolved,No first-party or government source verified here explicitly naming the administrative district for the exact campus; city or postal address alone was not used to infer one.
968,Indian Sign Language Research and Training Centre,New Delhi,,Delhi,https://islrtc.nic.in,,,,,,,,,,,,,unresolved,No first-party or government source verified here explicitly naming the administrative district for the exact campus; city or postal address alone was not used to infer one.
969,National Institute of Mental Health and Rehabilitation,Sehore,,Madhya Pradesh,https://nimhr.nic.in,,,,,,,,,,,,,unresolved,No first-party or government source verified here explicitly naming the administrative district for the exact campus; city or postal address alone was not used to infer one.
970,National Law University Jodhpur,Jodhpur,,Rajasthan,http://www.nlujodhpur.ac.in,,,,,,,,,,,,,unresolved,No first-party or government source verified here explicitly naming the administrative district for the exact campus; city or postal address alone was not used to infer one.
971,Hidayatullah National Law University,Raipur,,Chhattisgarh,https://www.hnlu.ac.in,,,,,,,,,,,,,unresolved,No first-party or government source verified here explicitly naming the administrative district for the exact campus; city or postal address alone was not used to infer one.
972,Gujarat National Law University Silvassa Campus,Silvassa,,Dadra and Nagar Haveli and Daman and Diu,https://www.gnlu.ac.in,,,,,,,,,,,,,unresolved,No first-party or government source verified here explicitly naming the administrative district for the exact campus; city or postal address alone was not used to infer one.
973,Rajiv Gandhi National University of Law,Patiala,,Punjab,https://www.rgnul.ac.in,,,,,,,,,,,,,unresolved,No first-party or government source verified here explicitly naming the administrative district for the exact campus; city or postal address alone was not used to infer one.
974,Chanakya National Law University,Patna,,Bihar,http://www.cnlu.ac.in,,,,,,,,,,,,,unresolved,No first-party or government source verified here explicitly naming the administrative district for the exact campus; city or postal address alone was not used to infer one.
975,National Law University Odisha,Cuttack,,Odisha,http://www.nluo.ac.in,,,,,,,,,,,,,unresolved,No first-party or government source verified here explicitly naming the administrative district for the exact campus; city or postal address alone was not used to infer one.
976,National University of Study and Research in Law,Ranchi,,Jharkhand,http://www.nusrlranchi.ac.in,,,,,,,,,,,,,unresolved,No first-party or government source verified here explicitly naming the administrative district for the exact campus; city or postal address alone was not used to infer one.
977,National Law University and Judicial Academy Assam,Guwahati,,Assam,http://www.nluassam.ac.in,,,,,,,,,,,,,unresolved,No first-party or government source verified here explicitly naming the administrative district for the exact campus; city or postal address alone was not used to infer one.
978,Damodaram Sanjivayya National Law University,Visakhapatnam,,Andhra Pradesh,https://dsnlu.ac.in,,,,,,,,,,,,,unresolved,No first-party or government source verified here explicitly naming the administrative district for the exact campus; city or postal address alone was not used to infer one.
979,Tamil Nadu National Law University,Tiruchirappalli,,Tamil Nadu,https://tnnlu.ac.in,,,,,,,,,,,,,unresolved,No first-party or government source verified here explicitly naming the administrative district for the exact campus; city or postal address alone was not used to infer one.
980,Maharashtra National Law University Mumbai,Mumbai,,Maharashtra,https://mnlumumbai.edu.in,,,,,,,,,,,,,unresolved,No first-party or government source verified here explicitly naming the administrative district for the exact campus; city or postal address alone was not used to infer one.
981,Maharashtra National Law University Nagpur,Nagpur,,Maharashtra,http://www.nlunagpur.ac.in,,,,,,,,,,,,,unresolved,No first-party or government source verified here explicitly naming the administrative district for the exact campus; city or postal address alone was not used to infer one.
982,Maharashtra National Law University Chhatrapati Sambhajinagar,Chhatrapati Sambhajinagar,,Maharashtra,https://www.mnlua.ac.in,,,,,,,,,,,,,unresolved,No first-party or government source verified here explicitly naming the administrative district for the exact campus; city or postal address alone was not used to infer one.
983,Himachal Pradesh National Law University,Shimla,,Himachal Pradesh,http://www.hpnlu.ac.in,,,,,,,,,,,,,unresolved,No first-party or government source verified here explicitly naming the administrative district for the exact campus; city or postal address alone was not used to infer one.
984,Dr. B.R. Ambedkar National Law University,Sonipat,,Haryana,https://www.dbranlu.ac.in,,,,,,,,,,,,,unresolved,No first-party or government source verified here explicitly naming the administrative district for the exact campus; city or postal address alone was not used to infer one.
985,National Law University Tripura,Agartala,,Tripura,https://nlutripura.ac.in,,,,,,,,,,,,,unresolved,No first-party or government source verified here explicitly naming the administrative district for the exact campus; city or postal address alone was not used to infer one.
986,Dr. Rajendra Prasad National Law University,Prayagraj,,Uttar Pradesh,https://rpnlup.ac.in,,,,,,,,,,,,,unresolved,No first-party or government source verified here explicitly naming the administrative district for the exact campus; city or postal address alone was not used to infer one.
987,National Law University of Meghalaya,Shillong,,Meghalaya,https://www.nlumeg.ac.in,,,,,,,,,,,,,unresolved,No first-party or government source verified here explicitly naming the administrative district for the exact campus; city or postal address alone was not used to infer one.
988,Sikkim National Law University,Gangtok,,Sikkim,,,,,,,,,,,,,,unresolved,No first-party or government source verified here explicitly naming the administrative district for the exact campus; city or postal address alone was not used to infer one.
989,Karnataka State Law University,Hubballi,,Karnataka,https://kslu.karnataka.gov.in,,,,,,,,,,,,,unresolved,No first-party or government source verified here explicitly naming the administrative district for the exact campus; city or postal address alone was not used to infer one.
990,Tamil Nadu Dr. Ambedkar Law University,Chennai,,Tamil Nadu,https://www.tndalu.ac.in,,,,,,,,,,,,,unresolved,No first-party or government source verified here explicitly naming the administrative district for the exact campus; city or postal address alone was not used to infer one.
991,Dr. Bhimrao Ambedkar Law University,Jaipur,,Rajasthan,https://www.alujaipur.ac.in,,,,,,,,,,,,,unresolved,No first-party or government source verified here explicitly naming the administrative district for the exact campus; city or postal address alone was not used to infer one.
992,Madhusudan Law University,Cuttack,,Odisha,https://mlu.ac.in,,,,,,,,,,,,,unresolved,No first-party or government source verified here explicitly naming the administrative district for the exact campus; city or postal address alone was not used to infer one.
993,Sri Guru Teg Bahadur State University of Law,Patti,,Punjab,,,,,,,,,,,,,,unresolved,No first-party or government source verified here explicitly naming the administrative district for the exact campus; city or postal address alone was not used to infer one.
994,Acharya N.G. Ranga Agricultural University,Guntur,,Andhra Pradesh,https://angrau.ac.in,,,,,,,,,,,,,unresolved,No first-party or government source verified here explicitly naming the administrative district for the exact campus; city or postal address alone was not used to infer one.
995,Dr. Y.S.R. Horticultural University,Venkataramannagudem,,Andhra Pradesh,https://drysrhu.ap.gov.in,,,,,,,,,,,,,unresolved,No first-party or government source verified here explicitly naming the administrative district for the exact campus; city or postal address alone was not used to infer one.
996,Sri Venkateswara Veterinary University,Tirupati,,Andhra Pradesh,https://www.svvu.edu.in,,,,,,,,,,,,,unresolved,No first-party or government source verified here explicitly naming the administrative district for the exact campus; city or postal address alone was not used to infer one.
997,Andhra Pradesh Fisheries University,Vijayawada,,Andhra Pradesh,https://apfu.ap.gov.in,,,,,,,,,,,,,unresolved,No first-party or government source verified here explicitly naming the administrative district for the exact campus; city or postal address alone was not used to infer one.
998,Assam Agricultural University,Jorhat,,Assam,http://www.aau.ac.in,,,,,,,,,,,,,unresolved,No first-party or government source verified here explicitly naming the administrative district for the exact campus; city or postal address alone was not used to infer one.
999,Assam Veterinary and Fishery University,Guwahati,,Assam,http://www.vetbifg.ac.in,,,,,,,,,,,,,unresolved,No first-party or government source verified here explicitly naming the administrative district for the exact campus; city or postal address alone was not used to infer one.
1000,Bihar Agricultural University,Bhagalpur,,Bihar,http://bausabour.ac.in,,,,,,,,,,,,,unresolved,No first-party or government source verified here explicitly naming the administrative district for the exact campus; city or postal address alone was not used to infer one.
1001,Bihar Animal Sciences University,Patna,,Bihar,https://www.basu.org.in,,,,,,,,,,,,,unresolved,No first-party or government source verified here explicitly naming the administrative district for the exact campus; city or postal address alone was not used to infer one.
1002,Indira Gandhi Krishi Vishwavidyalaya,Raipur,,Chhattisgarh,https://igkv.ac.in,,,,,,,,,,,,,unresolved,No first-party or government source verified here explicitly naming the administrative district for the exact campus; city or postal address alone was not used to infer one.
1003,Chhattisgarh Kamdhenu Vishwavidyalaya,Durg,,Chhattisgarh,http://cgkv.ac.in,,,,,,,,,,,,,unresolved,No first-party or government source verified here explicitly naming the administrative district for the exact campus; city or postal address alone was not used to infer one.
1004,Mahatma Gandhi Udyanikee Evam Vanikee Vishwavidyalaya,Durg,,Chhattisgarh,https://mguvv.ac.in,,,,,,,,,,,,,unresolved,No first-party or government source verified here explicitly naming the administrative district for the exact campus; city or postal address alone was not used to infer one.
1005,Sardarkrushinagar Dantiwada Agricultural University,Dantiwada,,Gujarat,http://www.sdau.edu.in,,,,,,,,,,,,,unresolved,No first-party or government source verified here explicitly naming the administrative district for the exact campus; city or postal address alone was not used to infer one.
1006,Anand Agricultural University,Anand,,Gujarat,http://www.aau.in,,,,,,,,,,,,,unresolved,No first-party or government source verified here explicitly naming the administrative district for the exact campus; city or postal address alone was not used to infer one.
1007,Navsari Agricultural University,Navsari,,Gujarat,https://nau.in,,,,,,,,,,,,,unresolved,No first-party or government source verified here explicitly naming the administrative district for the exact campus; city or postal address alone was not used to infer one.
1008,Junagadh Agricultural University,Junagadh,,Gujarat,http://www.jau.in,,,,,,,,,,,,,unresolved,No first-party or government source verified here explicitly naming the administrative district for the exact campus; city or postal address alone was not used to infer one.
1009,Kamdhenu University,Gandhinagar,,Gujarat,https://www.kamdhenuuni.edu.in,,,,,,,,,,,,,unresolved,No first-party or government source verified here explicitly naming the administrative district for the exact campus; city or postal address alone was not used to infer one.
1010,Gujarat Natural Farming and Organic Agricultural University,Anand,,Gujarat,,,,,,,,,,,,,,unresolved,No first-party or government source verified here explicitly naming the administrative district for the exact campus; city or postal address alone was not used to infer one.
1011,Chaudhary Charan Singh Haryana Agricultural University,Hisar,,Haryana,http://www.hau.ac.in,,,,,,,,,,,,,unresolved,No first-party or government source verified here explicitly naming the administrative district for the exact campus; city or postal address alone was not used to infer one.
1012,Lala Lajpat Rai University of Veterinary and Animal Sciences,Hisar,,Haryana,https://www.luvas.edu.in,,,,,,,,,,,,,unresolved,No first-party or government source verified here explicitly naming the administrative district for the exact campus; city or postal address alone was not used to infer one.
1013,Maharana Pratap Horticultural University,Karnal,,Haryana,https://www.mhu.ac.in,,,,,,,,,,,,,unresolved,No first-party or government source verified here explicitly naming the administrative district for the exact campus; city or postal address alone was not used to infer one.
1014,Chaudhary Sarwan Kumar Himachal Pradesh Krishi Vishvavidyalaya,Palampur,,Himachal Pradesh,http://hillagric.ac.in:1003/cskhpau,,,,,,,,,,,,,unresolved,No first-party or government source verified here explicitly naming the administrative district for the exact campus; city or postal address alone was not used to infer one.
1015,Dr. Yashwant Singh Parmar University of Horticulture and Forestry,Solan,,Himachal Pradesh,http://www.yspuniversity.ac.in,,,,,,,,,,,,,unresolved,No first-party or government source verified here explicitly naming the administrative district for the exact campus; city or postal address alone was not used to infer one.
1016,Birsa Agricultural University,Ranchi,,Jharkhand,http://www.baujharkhand.org,,,,,,,,,,,,,unresolved,No first-party or government source verified here explicitly naming the administrative district for the exact campus; city or postal address alone was not used to infer one.
1017,Sher-e-Kashmir University of Agricultural Sciences and Technology of Kashmir,Srinagar,,Jammu and Kashmir,http://www.skuastkashmir.ac.in,,,,,,,,,,,,,unresolved,No first-party or government source verified here explicitly naming the administrative district for the exact campus; city or postal address alone was not used to infer one.
1018,Sher-e-Kashmir University of Agricultural Sciences and Technology of Jammu,Jammu,,Jammu and Kashmir,,,,,,,,,,,,,,unresolved,No first-party or government source verified here explicitly naming the administrative district for the exact campus; city or postal address alone was not used to infer one.
1019,"Karnataka Veterinary, Animal and Fisheries Sciences University",Bidar,,Karnataka,https://www.kvafsu.edu.in,,,,,,,,,,,,,unresolved,No first-party or government source verified here explicitly naming the administrative district for the exact campus; city or postal address alone was not used to infer one.
1020,University of Agricultural Sciences Raichur,Raichur,,Karnataka,,,,,,,,,,,,,,unresolved,No first-party or government source verified here explicitly naming the administrative district for the exact campus; city or postal address alone was not used to infer one.
1021,University of Agricultural Sciences Dharwad,Dharwad,,Karnataka,http://www.uasd.edu,,,,,,,,,,,,,unresolved,No first-party or government source verified here explicitly naming the administrative district for the exact campus; city or postal address alone was not used to infer one.
1022,University of Horticultural Sciences Bagalkot,Bagalkot,,Karnataka,https://www.uhsbagalkot.edu.in,,,,,,,,,,,,,unresolved,No first-party or government source verified here explicitly naming the administrative district for the exact campus; city or postal address alone was not used to infer one.
1023,Keladi Shivappa Nayaka University of Agricultural and Horticultural Sciences,Shivamogga,,Karnataka,https://uahs.edu.in/?lang=en,,,,,,,,,,,,,unresolved,No first-party or government source verified here explicitly naming the administrative district for the exact campus; city or postal address alone was not used to infer one.
1024,Kerala Agricultural University,Thrissur,,Kerala,http://www.kau.edu,,,,,,,,,,,,,unresolved,No first-party or government source verified here explicitly naming the administrative district for the exact campus; city or postal address alone was not used to infer one.
1025,Kerala University of Fisheries and Ocean Studies,Kochi,,Kerala,http://www.kufos.ac.in,,,,,,,,,,,,,unresolved,No first-party or government source verified here explicitly naming the administrative district for the exact campus; city or postal address alone was not used to infer one.
1026,Kerala Veterinary and Animal Sciences University,Pookode,,Kerala,https://www.kvasu.ac.in,,,,,,,,,,,,,unresolved,No first-party or government source verified here explicitly naming the administrative district for the exact campus; city or postal address alone was not used to infer one.
1027,Rajmata Vijayaraje Scindia Krishi Vishwa Vidyalaya,Gwalior,,Madhya Pradesh,,,,,,,,,,,,,,unresolved,No first-party or government source verified here explicitly naming the administrative district for the exact campus; city or postal address alone was not used to infer one.
1028,Nanaji Deshmukh Veterinary Science University,Jabalpur,,Madhya Pradesh,http://www.ndvsu.org,,,,,,,,,,,,,unresolved,No first-party or government source verified here explicitly naming the administrative district for the exact campus; city or postal address alone was not used to infer one.
1029,Dr. Balasaheb Sawant Konkan Krishi Vidyapeeth,Dapoli,,Maharashtra,http://www.dbskkv.org,,,,,,,,,,,,,unresolved,No first-party or government source verified here explicitly naming the administrative district for the exact campus; city or postal address alone was not used to infer one.
1030,Maharashtra Animal and Fishery Sciences University,Nagpur,,Maharashtra,http://www.mafsu.in,,,,,,,,,,,,,unresolved,No first-party or government source verified here explicitly naming the administrative district for the exact campus; city or postal address alone was not used to infer one.
1031,Vasantrao Naik Marathwada Krishi Vidyapeeth,Parbhani,,Maharashtra,https://www.vnmkv.ac.in,,,,,,,,,,,,,unresolved,No first-party or government source verified here explicitly naming the administrative district for the exact campus; city or postal address alone was not used to infer one.
1032,Mahatma Phule Krishi Vidyapeeth,Rahuri,,Maharashtra,http://www.mpkv.mah.nic.in,,,,,,,,,,,,,unresolved,No first-party or government source verified here explicitly naming the administrative district for the exact campus; city or postal address alone was not used to infer one.
1033,Dr. Panjabrao Deshmukh Krishi Vidyapeeth,Akola,,Maharashtra,http://www.pdkv.mah.nic.in,,,,,,,,,,,,,unresolved,No first-party or government source verified here explicitly naming the administrative district for the exact campus; city or postal address alone was not used to infer one.
1034,Odisha University of Agriculture and Technology,Bhubaneswar,,Odisha,https://ouat.ac.in,,,,,,,,,,,,,unresolved,No first-party or government source verified here explicitly naming the administrative district for the exact campus; city or postal address alone was not used to infer one.
1035,Guru Angad Dev Veterinary and Animal Sciences University,Ludhiana,,Punjab,http://www.gadvasu.in,,,,,,,,,,,,,unresolved,No first-party or government source verified here explicitly naming the administrative district for the exact campus; city or postal address alone was not used to infer one.
1036,Maharana Pratap University of Agriculture and Technology,Udaipur,,Rajasthan,http://www.mpuat.ac.in,,,,,,,,,,,,,unresolved,No first-party or government source verified here explicitly naming the administrative district for the exact campus; city or postal address alone was not used to infer one.
1037,Swami Keshwanand Rajasthan Agricultural University,Bikaner,,Rajasthan,http://www.raubikaner.org,,,,,,,,,,,,,unresolved,No first-party or government source verified here explicitly naming the administrative district for the exact campus; city or postal address alone was not used to infer one.
1038,Rajasthan University of Veterinary and Animal Sciences,Bikaner,,Rajasthan,https://rajuvas.org,,,,,,,,,,,,,unresolved,No first-party or government source verified here explicitly naming the administrative district for the exact campus; city or postal address alone was not used to infer one.
1039,Rajasthan University of Veterinary and Animal Sciences Jobner,Jobner,,Rajasthan,https://rajuvas.ac.in,,,,,,,,,,,,,unresolved,No first-party or government source verified here explicitly naming the administrative district for the exact campus; city or postal address alone was not used to infer one.
1040,Tamil Nadu Veterinary and Animal Sciences University,Chennai,,Tamil Nadu,http://www.tanuvas.ac.in,,,,,,,,,,,,,unresolved,No first-party or government source verified here explicitly naming the administrative district for the exact campus; city or postal address alone was not used to infer one.
1041,Tamil Nadu Fisheries University,Nagapattinam,,Tamil Nadu,http://www.tnfu.org.in/university/wp,,,,,,,,,,,,,unresolved,No first-party or government source verified here explicitly naming the administrative district for the exact campus; city or postal address alone was not used to infer one.
1042,Sri Konda Laxman Telangana Horticultural University,Mulugu,,Telangana,http://skltshu.ac.in,,,,,,,,,,,,,unresolved,No first-party or government source verified here explicitly naming the administrative district for the exact campus; city or postal address alone was not used to infer one.
1043,P.V. Narsimha Rao Telangana Veterinary University,Hyderabad,,Telangana,https://www.tsvu.nic.in,,,,,,,,,,,,,unresolved,No first-party or government source verified here explicitly naming the administrative district for the exact campus; city or postal address alone was not used to infer one.
1044,Professor Jayashankar Telangana Agricultural University,Hyderabad,,Telangana,http://www.pjtsau.edu.in,,,,,,,,,,,,,unresolved,No first-party or government source verified here explicitly naming the administrative district for the exact campus; city or postal address alone was not used to infer one.
1045,Veer Chandra Singh Garhwali Uttarakhand University of Horticulture and Forestry,Bharsar,,Uttarakhand,https://www.uuhf.ac.in,,,,,,,,,,,,,unresolved,No first-party or government source verified here explicitly naming the administrative district for the exact campus; city or postal address alone was not used to infer one.
1046,Chandra Shekhar Azad University of Agriculture and Technology,Kanpur,,Uttar Pradesh,http://www.csauk.ac.in,,,,,,,,,,,,,unresolved,No first-party or government source verified here explicitly naming the administrative district for the exact campus; city or postal address alone was not used to infer one.
1047,Sardar Vallabhbhai Patel University of Agriculture and Technology,Meerut,,Uttar Pradesh,http://www.svbpmeerut.ac.in,,,,,,,,,,,,,unresolved,No first-party or government source verified here explicitly naming the administrative district for the exact campus; city or postal address alone was not used to infer one.
1048,Banda University of Agriculture and Technology,Banda,,Uttar Pradesh,http://buat.edu.in,,,,,,,,,,,,,unresolved,No first-party or government source verified here explicitly naming the administrative district for the exact campus; city or postal address alone was not used to infer one.
1049,Bidhan Chandra Krishi Viswavidyalaya,Mohanpur,,West Bengal,http://www.bckv.edu.in,,,,,,,,,,,,,unresolved,No first-party or government source verified here explicitly naming the administrative district for the exact campus; city or postal address alone was not used to infer one.
1050,West Bengal University of Animal and Fishery Sciences,Kolkata,,West Bengal,http://wbuafscl.ac.in,,,,,,,,,,,,,unresolved,No first-party or government source verified here explicitly naming the administrative district for the exact campus; city or postal address alone was not used to infer one.
1051,Uttar Banga Krishi Viswavidyalaya,Cooch Behar,,West Bengal,https://www.ubkv.ac.in,,,,,,,,,,,,,unresolved,No first-party or government source verified here explicitly naming the administrative district for the exact campus; city or postal address alone was not used to infer one.
1052,University of Agricultural Sciences Mandya,Mandya,,Karnataka,https://uasmandya.co.in,,,,,,,,,,,,,unresolved,No first-party or government source verified here explicitly naming the administrative district for the exact campus; city or postal address alone was not used to infer one.
